Plastic_Waste_Input_kg,Gas_Output_liters,Temperature_C,Pressure_kPa,Anomaly_Flag,Year,Month,Day,Hour,Waste_Gas_Ratio,Pressure_Temp_Ratio,Waste_Pressure_Interaction
455.24,92.69,339.57,220.22,0,2023,1,1,0,4.911425180709894,0.6485260770975056,100252.9528
391.23,236.57,116.64,55.94,0,2023,1,1,1,1.6537599864733483,0.47959533607681754,21885.4062
463.32,262.18,294.54,60.66,1,2023,1,1,2,1.767182851476085,0.20594825830107963,28104.991199999997
357.25,243.05,341.65,187.96,0,2023,1,1,3,1.469862168278132,0.5501536660324895,67148.71
418.13,370.04,324.71,259.95,0,2023,1,1,4,1.1299589233596368,0.8005605001385853,108692.89349999999
349.49,321.39,100.41,76.38,0,2023,1,1,5,1.08743271414792,0.7606812070510905,26694.0462
419.12,252.25,464.28,78.12,0,2023,1,1,6,1.6615262636273538,0.16826053243732234,32741.654400000003
93.15,132.19,143.31,116.38,0,2023,1,1,7,0.7046675240184583,0.8120856883678738,10840.797
202.55,131.5,190.09,159.63,0,2023,1,1,8,1.5403041825095058,0.8397601136303856,32333.056500000002
398.93,330.17,478.51,120.22,0,2023,1,1,9,1.2082563527879577,0.25123821863701906,47959.3646
140.92,159.72,207.66,248.06,0,2023,1,1,10,0.8822940145254194,1.1945487816623326,34956.6152
209.81,209.19,459.23,73.6,0,2023,1,1,11,1.0029638128017593,0.1602682751562398,15442.016
322.73,330.34,341.05,71.33,0,2023,1,1,12,0.9769631288974997,0.20914821873625566,23020.3309
357.9,391.61,484.03,67.45,1,2023,1,1,13,0.9139194606879292,0.13935086668181726,24140.355
427.68,394.29,262.49,151.25,0,2023,1,1,14,1.0846838621319332,0.5762124271400815,64686.6
317.38,81.95,441.49,109.79,0,2023,1,1,15,3.8728492983526537,0.2486806043171986,34845.150200000004
133.85,182.09,125.4,189.49,0,2023,1,1,16,0.7350760612883739,1.5110845295055821,25363.2365
208.74,308.59,354.52,187.54,0,2023,1,1,17,0.6764315110664637,0.5289969536274399,39147.0996
275.18,60.84,446.78,182.57,0,2023,1,1,18,4.523011176857331,0.4086351224316218,50239.6126
405.18,75.25,281.21,185.16,0,2023,1,1,19,5.384451827242525,0.6584403115109705,75023.1288
278.3,95.72,386.0,53.95,0,2023,1,1,20,2.9074383618888424,0.13976683937823836,15014.285000000002
353.34,264.03,439.13,170.51,0,2023,1,1,21,1.3382570162481537,0.3882904834559242,60248.003399999994
218.49,239.61,139.17,78.76,0,2023,1,1,22,0.911856767246776,0.5659265646331825,17208.2724
378.32,161.3,318.9,220.14,0,2023,1,1,23,2.3454432734035957,0.690310442144873,83283.3648
490.29,345.25,138.13,261.24,0,2023,1,2,0,1.420101375814627,1.891261854774488,128083.35960000001
291.84,153.6,160.96,239.08,0,2023,1,2,1,1.9,1.485337972166998,69773.1072
394.43,294.65,338.73,217.73,0,2023,1,2,2,1.3386390632954355,0.642783337761639,85879.2439
207.85,375.69,243.41,53.92,0,2023,1,2,3,0.5532486890787617,0.2215192473604207,11207.272
281.7,296.27,394.93,253.66,0,2023,1,2,4,0.950821885442333,0.6422910389182893,71456.022
112.71,208.01,106.76,241.51,0,2023,1,2,5,0.5418489495697322,2.262176845260397,27220.592099999998
68.56,72.93,246.63,174.74,0,2023,1,2,6,0.9400795283148223,0.7085107245671655,11980.174400000002
441.65,190.15,315.16,249.42,0,2023,1,2,7,2.322640021036024,0.7914075390277953,110156.343
188.45,124.75,292.94,141.46,0,2023,1,2,8,1.5106212424849699,0.4828975216767939,26658.137
197.95,373.4,218.33,120.18,0,2023,1,2,9,0.5301285484734869,0.5504511519259836,23789.631
228.98,40.98,361.62,50.9,0,2023,1,2,10,5.5876037091264035,0.14075548918754494,11655.081999999999
320.26,73.73,383.87,244.72,0,2023,1,2,11,4.343686423436864,0.6375074895146794,78374.0272
346.98,217.17,401.24,280.41,0,2023,1,2,12,1.5977344937146016,0.6988585385305554,97296.66180000002
159.71,374.98,145.39,151.17,0,2023,1,2,13,0.425916048855939,1.0397551413439714,24143.360699999997
251.05,209.39,433.75,206.19,0,2023,1,2,14,1.1989588805578109,0.4753659942363112,51763.999500000005
332.64,126.86,425.62,212.02,0,2023,1,2,15,2.6221031057859054,0.49814388421596734,70526.3328
220.22,366.38,319.08,105.35,0,2023,1,2,16,0.6010699273977838,0.3301679829509841,23200.177
467.32,209.9,322.52,248.59,0,2023,1,2,17,2.2263935207241543,0.770773905494233,116171.0788
356.91,67.28,202.33,200.95,0,2023,1,2,18,5.304845422116529,0.9931794592991646,71721.06450000001
283.83,340.73,325.03,166.38,0,2023,1,2,19,0.8330056056114812,0.51189121004215,47223.6354
325.49,144.16,268.75,139.9,0,2023,1,2,20,2.257838512763596,0.5205581395348837,45536.05100000001
106.79,347.12,364.42,174.49,0,2023,1,2,21,0.3076457709149574,0.4788156522693595,18633.7871
182.77,159.56,419.31,182.08,0,2023,1,2,22,1.1454625219353223,0.43423719920822307,33278.761600000005
357.03,207.09,495.96,207.21,0,2023,1,2,23,1.7240330291177748,0.41779578998306316,73980.1863
378.07,46.78,136.25,60.0,0,2023,1,3,0,8.081872595126121,0.44036697247706424,22684.2
251.78,363.83,100.26,273.96,0,2023,1,3,1,0.6920264958909381,2.7324955116696588,68977.6488
335.19,274.64,385.59,250.27,0,2023,1,3,2,1.2204704340227206,0.6490572888301046,83888.0013
423.23,219.67,432.94,69.48,0,2023,1,3,3,1.9266627213547596,0.16048413175035803,29406.0204
327.76,270.28,311.74,249.76,0,2023,1,3,4,1.2126683439396182,0.8011804709052415,81861.3376
326.2,376.67,231.81,271.62,0,2023,1,3,5,0.866010035309422,1.1717354730166947,88602.444
244.51,353.1,138.55,171.04,0,2023,1,3,6,0.6924667233078448,1.2345001804402742,41820.990399999995
125.65,351.66,444.28,54.66,0,2023,1,3,7,0.35730535176022293,0.12303052129287836,6868.0289999999995
298.76,387.31,318.71,85.09,0,2023,1,3,8,0.7713717693836978,0.26698252329704125,25421.488400000002
145.01,373.52,450.09,238.01,0,2023,1,3,9,0.3882255300920968,0.5288053500411029,34513.8301
93.8,310.47,166.45,74.69,0,2023,1,3,10,0.30212258833381644,0.4487233403424452,7005.922
124.74,33.21,156.06,165.65,0,2023,1,3,11,3.7560975609756095,1.0614507240804818,20663.181
478.97,364.53,239.02,158.03,1,2023,1,3,12,1.3139384961457221,0.6611580620868547,75691.6291
147.55,285.76,164.03,223.97,0,2023,1,3,13,0.5163423852183651,1.3654209595805644,33046.7735
55.62,341.2,356.55,70.16,0,2023,1,3,14,0.16301289566236812,0.19677464591221425,3902.2991999999995
424.25,397.22,222.91,134.98,0,2023,1,3,15,1.0680479331352901,0.6055358664932035,57265.26499999999
347.97,192.79,306.22,102.65,0,2023,1,3,16,1.8049172674931275,0.3352165110051597,35719.120500000005
259.85,49.02,381.3,79.66,1,2023,1,3,17,5.300897592819258,0.208916863362182,20699.651
411.96,165.37,270.28,168.87,0,2023,1,3,18,2.4911410775836003,0.6247965073257363,69567.68519999999
71.52,370.56,201.39,130.32,0,2023,1,3,19,0.19300518134715025,0.647102636675108,9320.4864
60.24,299.0,454.24,118.64,0,2023,1,3,20,0.20147157190635454,0.26118351532229656,7146.8736
140.73,347.39,270.33,90.65,0,2023,1,3,21,0.4051066524655286,0.3353308918728961,12757.1745
187.73,216.98,154.5,171.86,0,2023,1,3,22,0.8651949488432114,1.1123624595469257,32263.2778
392.06,286.16,415.93,149.19,1,2023,1,3,23,1.37007268660889,0.35869016421032385,58491.4314
420.98,86.97,203.22,126.53,0,2023,1,4,0,4.840519719443487,0.6226257258143884,53266.5994
275.95,174.08,473.57,235.35,0,2023,1,4,1,1.5851907169117645,0.49696982494668157,64944.8325
436.61,46.06,331.65,152.8,0,2023,1,4,2,9.479157620495007,0.46072666968189363,66714.008
147.28,156.35,196.74,108.88,0,2023,1,4,3,0.9419891269587465,0.553420758361289,16035.8464
464.33,57.77,299.46,149.73,0,2023,1,4,4,8.037562748831572,0.5,69524.13089999999
218.96,345.65,470.76,259.51,0,2023,1,4,5,0.6334731664979025,0.5512575409975359,56822.3096
407.11,153.42,158.95,82.12,0,2023,1,4,6,2.6535653760917746,0.516640452972633,33431.8732
414.14,376.49,391.1,192.3,0,2023,1,4,7,1.100002656113044,0.4916901048325237,79639.122
112.26,393.64,241.22,208.51,0,2023,1,4,8,0.28518443247637437,0.8643976453030429,23407.3326
101.56,153.46,210.02,162.23,0,2023,1,4,9,0.6618011208132412,0.7724502428340158,16476.0788
347.56,110.45,165.99,189.01,0,2023,1,4,10,3.1467632412856497,1.1386830531959755,65692.3156
161.69,223.25,398.75,260.32,0,2023,1,4,11,0.7242553191489361,0.6528401253918495,42091.1408
320.85,286.98,220.98,84.72,0,2023,1,4,12,1.1180221618231236,0.3833831115938094,27182.412
335.15,194.12,104.98,150.43,1,2023,1,4,13,1.7265093756439314,1.4329396075442942,50416.614499999996
247.03,296.25,360.38,217.41,0,2023,1,4,14,0.8338565400843881,0.603279871247017,53706.7923
205.21,126.41,432.36,148.03,0,2023,1,4,15,1.6233684043983863,0.34237672310111944,30377.2363
74.55,314.91,339.49,285.36,0,2023,1,4,16,0.23673430503953508,0.8405549500721671,21273.588
386.27,299.7,477.72,211.6,0,2023,1,4,17,1.2888555221888556,0.4429372854391693,81734.73199999999
339.82,116.73,331.98,158.33,0,2023,1,4,18,2.91116251177932,0.4769263208627026,53803.700600000004
365.61,330.66,423.47,160.27,0,2023,1,4,19,1.1056976955180549,0.37846836847946724,58596.3147
154.07,86.14,426.1,136.3,0,2023,1,4,20,1.7885999535639656,0.3198779629195025,20999.741
163.12,119.54,472.53,178.28,0,2023,1,4,21,1.3645641626233895,0.3772882145048992,29081.033600000002
404.58,276.66,476.18,286.56,0,2023,1,4,22,1.4623725872912599,0.601789239363266,115936.4448
227.13,167.93,328.31,113.24,0,2023,1,4,23,1.3525278389805275,0.3449179129481283,25720.2012
481.79,232.07,286.89,232.39,0,2023,1,5,0,2.0760546386866032,0.810031719474363,111963.1781
191.45,151.16,310.48,298.09,0,2023,1,5,1,1.2665387668695423,0.9600940479257922,57069.33049999999
395.75,134.7,299.04,189.92,0,2023,1,5,2,2.9380103934669637,0.6350989834135901,75160.84
440.9,365.01,260.1,245.83,0,2023,1,5,3,1.2079121119969316,0.9451364859669358,108386.447
209.65,159.08,249.17,78.91,1,2023,1,5,4,1.3178903696253457,0.31669141549945823,16543.481499999998
75.05,324.84,248.17,79.0,0,2023,1,5,5,0.2310368181258466,0.3183301768948705,5928.95
324.16,80.15,106.69,64.1,0,2023,1,5,6,4.044416718652527,0.6008060736713844,20778.656
235.41,299.12,223.13,226.19,1,2023,1,5,7,0.787008558438085,1.0137139783982432,53247.3879
336.11,102.03,384.0,210.45,0,2023,1,5,8,3.294227188081937,0.5480468749999999,70734.3495
434.87,86.39,266.22,87.91,0,2023,1,5,9,5.033800208357449,0.330215611148674,38229.4217
444.48,270.64,365.41,205.93,0,2023,1,5,10,1.642329293526456,0.56355874223475,91531.76640000001
234.16,348.93,180.65,277.89,0,2023,1,5,11,0.6710801593442811,1.5382784389703845,65070.7224
354.58,111.83,198.96,86.26,0,2023,1,5,12,3.170705535187338,0.4335544833132288,30586.0708
132.57,77.21,162.35,58.19,0,2023,1,5,13,1.717005569226784,0.3584231598398522,7714.248299999999
275.59,157.77,349.65,275.25,0,2023,1,5,14,1.746783292134119,0.7872157872157872,75856.14749999999
432.27,220.83,249.38,235.24,0,2023,1,5,15,1.957478603450618,0.943299382468522,101687.1948
160.01,319.02,446.78,53.39,0,2023,1,5,16,0.5015672998558084,0.11949952997000762,8542.9339
60.08,304.9,392.1,179.44,0,2023,1,5,17,0.19704821252869795,0.45763835756184645,10780.7552
416.34,73.69,296.15,232.05,1,2023,1,5,18,5.649884651920206,0.7835556305926052,96611.697
335.62,274.83,156.8,288.31,0,2023,1,5,19,1.2211912818833461,1.8387117346938775,96762.60220000001
314.47,240.78,130.45,172.04,0,2023,1,5,20,1.306047013871584,1.3188194710617096,54101.4188
369.04,378.33,274.48,252.43,0,2023,1,5,21,0.9754447175746043,0.9196662780530457,93156.7672
243.49,193.51,361.22,108.33,0,2023,1,5,22,1.2582812257764457,0.2999003377443109,26377.2717
149.79,81.77,301.49,178.82,0,2023,1,5,23,1.8318454200807142,0.5931208331951308,26785.447799999998
369.76,393.29,482.93,116.05,0,2023,1,6,0,0.9401713748124793,0.24030397780216595,42910.648
185.45,226.43,356.8,57.97,0,2023,1,6,1,0.8190169147197809,0.16247197309417039,10750.536499999998
61.59,135.0,438.53,208.04,0,2023,1,6,2,0.45622222222222225,0.4744031195129182,12813.1836
68.39,342.13,431.6,229.45,0,2023,1,6,3,0.19989477683921317,0.5316265060240963,15692.0855
427.26,40.72,106.36,59.79,0,2023,1,6,4,10.4926326129666,0.5621474238435502,25545.8754
217.87,365.34,257.18,61.45,0,2023,1,6,5,0.5963486067772487,0.23893770899758923,13388.1115
338.39,288.89,341.6,134.45,0,2023,1,6,6,1.17134549482502,0.3935889929742388,45496.53549999999
388.54,197.12,365.57,148.84,0,2023,1,6,7,1.971083603896104,0.4071450064283174,57830.293600000005
53.96,378.03,168.28,148.75,0,2023,1,6,8,0.14273999418035607,0.8839434276206323,8026.55
322.08,246.31,160.28,179.75,0,2023,1,6,9,1.3076204782591043,1.121474918891939,57893.88
198.36,239.65,241.01,112.22,1,2023,1,6,10,0.8277070728145212,0.4656238330359736,22259.9592
153.43,291.93,266.86,83.1,0,2023,1,6,11,0.5255711985750009,0.31139923555422316,12750.033
103.47,306.78,241.24,220.19,0,2023,1,6,12,0.337277527870135,0.9127424970983252,22783.0593
333.58,233.85,296.02,85.8,1,2023,1,6,13,1.4264699593756682,0.2898452807242754,28621.163999999997
317.86,267.07,252.25,275.42,0,2023,1,6,14,1.1901748605234583,1.0918533201189298,87545.00120000001
89.32,288.93,362.9,71.48,0,2023,1,6,15,0.3091406222960578,0.19696886194543953,6384.5936
132.53,92.18,474.06,269.14,0,2023,1,6,16,1.437730527229334,0.567734042104375,35669.1242
232.17,148.64,286.57,275.72,0,2023,1,6,17,1.5619617868675997,0.9621383955054612,64013.9124
260.44,139.52,359.23,65.64,0,2023,1,6,18,1.8666857798165135,0.18272416000890793,17095.2816
315.25,221.03,231.15,274.95,0,2023,1,6,19,1.4262769759761118,1.1894873458792992,86677.9875
95.58,142.19,149.26,144.76,0,2023,1,6,20,0.6721991701244813,0.9698512662468176,13836.1608
310.4,330.61,477.81,263.21,0,2023,1,6,21,0.9388705725779618,0.5508674996337456,81700.38399999999
354.28,87.95,130.63,133.25,0,2023,1,6,22,4.028197839681637,1.0200566485493379,47207.81
323.87,208.52,167.05,63.52,0,2023,1,6,23,1.5531843468252444,0.38024543549835377,20572.222400000002
438.61,134.67,206.94,216.74,0,2023,1,7,0,3.2569243335561007,1.047356721755098,95064.33140000001
349.61,256.54,361.68,116.3,1,2023,1,7,1,1.362789428549154,0.32155496571554965,40659.643000000004
352.78,116.64,125.45,297.05,0,2023,1,7,2,3.0245198902606307,2.3678756476683938,104793.299
132.59,237.95,444.06,196.29,0,2023,1,7,3,0.5572179029207818,0.4420348601540332,26026.091099999998
78.64,330.7,461.32,113.8,0,2023,1,7,4,0.2377986090111884,0.24668343015694094,8949.232
124.38,242.65,463.15,149.07,0,2023,1,7,5,0.5125901504224191,0.3218611680880924,18541.326599999997
338.25,76.98,371.22,136.74,0,2023,1,7,6,4.393998441153546,0.36835299822207856,46252.305
402.94,351.9,200.11,107.26,0,2023,1,7,7,1.1450412048877523,0.5360051971415721,43219.3444
265.86,341.62,136.51,153.19,0,2023,1,7,8,0.7782331245243252,1.1221888506336533,40727.0934
279.07,59.81,427.81,211.24,0,2023,1,7,9,4.665942150142117,0.4937705990977303,58950.7468
146.73,90.83,329.5,93.66,0,2023,1,7,10,1.615435428823076,0.28424886191198784,13742.731799999998
499.64,385.26,143.92,281.74,0,2023,1,7,11,1.296890411670041,1.9576153418565871,140768.5736
369.35,342.17,377.29,107.84,1,2023,1,7,12,1.07943419937458,0.2858278777598134,39830.704000000005
382.8,397.6,230.52,207.06,0,2023,1,7,13,0.9627766599597585,0.8982300884955752,79262.568
347.15,36.75,289.5,129.3,0,2023,1,7,14,9.44625850340136,0.4466321243523316,44886.495
158.86,174.86,226.39,252.84,0,2023,1,7,15,0.9084982271531511,1.116833782410884,40166.1624
139.68,346.58,309.96,205.72,0,2023,1,7,16,0.4030238328812973,0.6636985417473222,28734.9696
68.17,177.47,357.08,228.72,0,2023,1,7,17,0.384121259931256,0.6405287330570181,15591.8424
213.42,80.58,159.15,198.18,0,2023,1,7,18,2.648548026805659,1.2452403393025449,42295.5756
409.77,136.55,322.75,146.52,0,2023,1,7,19,3.000878798974734,0.4539736638264911,60039.500400000004
94.75,356.28,437.39,252.46,0,2023,1,7,20,0.26594251712136524,0.5771965522760009,23920.585
369.79,173.12,424.53,252.31,0,2023,1,7,21,2.13603280961183,0.5943278449108427,93301.7149
401.74,388.55,193.86,252.32,0,2023,1,7,22,1.033946725003217,1.3015578252347053,101367.0368
276.88,165.13,387.47,194.73,0,2023,1,7,23,1.6767395385453885,0.5025679407437995,53916.842399999994
111.66,340.0,367.88,259.84,0,2023,1,8,0,0.32841176470588235,0.7063172773730564,29013.734399999998
456.88,157.61,224.84,262.81,0,2023,1,8,1,2.89880083751031,1.1688756449030422,120072.6328
149.89,261.38,143.11,155.24,1,2023,1,8,2,0.5734562705639299,1.0847599748445251,23268.9236
153.65,61.96,153.42,66.14,0,2023,1,8,3,2.4798256939961267,0.43110415851909795,10162.411
295.54,133.4,492.34,211.98,0,2023,1,8,4,2.2154422788605697,0.4305561197546411,62648.5692
234.4,185.13,478.79,246.44,0,2023,1,8,5,1.2661373089180576,0.5147141753169447,57765.536
260.25,307.48,307.14,72.16,0,2023,1,8,6,0.8463965135943801,0.23494172038809663,18779.64
242.16,162.98,374.58,72.84,0,2023,1,8,7,1.4858264817769051,0.1944577927278552,17638.934400000002
118.4,396.51,327.89,255.91,0,2023,1,8,8,0.29860533151749014,0.7804751593522218,30299.744000000002
88.76,245.22,179.18,169.62,0,2023,1,8,9,0.3619606883614713,0.946645831007925,15055.471200000002
424.16,307.08,261.85,223.51,0,2023,1,8,10,1.381268724762277,0.8535802940614855,94804.0016
152.61,158.55,398.5,290.3,0,2023,1,8,11,0.9625354777672659,0.7284818067754079,44302.683000000005
146.15,308.71,159.38,195.39,0,2023,1,8,12,0.4734216578666062,1.2259380097879282,28556.248499999998
290.16,125.71,182.07,173.65,0,2023,1,8,13,2.3081695966907967,0.9537540506398638,50386.28400000001
51.24,101.1,262.85,56.45,0,2023,1,8,14,0.5068249258160238,0.21476127068670345,2892.498
138.25,203.14,172.64,200.99,0,2023,1,8,15,0.6805651274982771,1.1642145505097314,27786.8675
102.35,183.94,136.68,239.68,0,2023,1,8,16,0.5564314450364249,1.7535850160959905,24531.248
408.02,206.66,432.63,185.54,0,2023,1,8,17,1.974354011419723,0.42886531216050666,75704.0308
457.82,348.6,475.59,137.88,0,2023,1,8,18,1.3133103843947216,0.2899135810256734,63124.2216
113.03,198.0,282.28,134.5,0,2023,1,8,19,0.5708585858585858,0.4764772566246281,15202.535
117.23,78.22,115.88,169.35,0,2023,1,8,20,1.498721554589619,1.461425612702796,19852.9005
104.93,271.58,420.86,297.27,0,2023,1,8,21,0.3863686574858237,0.706339400275626,31192.5411
216.17,359.18,421.96,79.41,0,2023,1,8,22,0.6018430870315719,0.18819319366764622,17166.059699999998
445.7,331.07,387.46,183.74,0,2023,1,8,23,1.346240976228592,0.47421669333608635,81892.918
131.05,174.0,142.16,137.18,0,2023,1,9,0,0.7531609195402299,0.9649690489589196,17977.439000000002
293.55,350.43,118.31,179.11,0,2023,1,9,1,0.8376851296977998,1.513904150114107,52577.74050000001
132.15,366.72,253.71,192.36,0,2023,1,9,2,0.36035667539267013,0.7581884829135628,25420.374000000003
483.62,360.37,309.28,140.52,0,2023,1,9,3,1.3420096012431668,0.45434557682359034,67958.28240000001
293.79,332.18,478.59,249.8,0,2023,1,9,4,0.8844301282437234,0.5219498944817067,73388.74200000001
421.29,285.04,257.22,229.41,0,2023,1,9,5,1.4780030872859948,0.891882435269419,96648.1389
127.74,394.08,321.52,54.13,1,2023,1,9,6,0.32414738124238734,0.16835655635730282,6914.5662
437.63,49.14,120.29,189.56,0,2023,1,9,7,8.905779405779406,1.5758583423393464,82957.1428
392.5,139.48,454.31,132.98,0,2023,1,9,8,2.8140235159162605,0.2927076225484801,52194.649999999994
259.94,67.81,307.67,248.36,0,2023,1,9,9,3.833357911812417,0.807228524067995,64558.6984
215.5,352.08,476.93,292.11,0,2023,1,9,10,0.6120768007271075,0.6124798188413394,62949.705
342.26,68.5,132.91,103.4,0,2023,1,9,11,4.996496350364963,0.777970054924385,35389.684
191.09,337.87,211.77,251.14,0,2023,1,9,12,0.5655725574925267,1.1859092411578598,47990.342599999996
424.74,342.5,120.61,253.45,0,2023,1,9,13,1.240116788321168,2.1014012105132243,107650.353
290.54,50.05,147.38,226.71,0,2023,1,9,14,5.804995004995006,1.5382684217668612,65868.32340000001
260.71,221.03,210.99,290.42,1,2023,1,9,15,1.179523141654979,1.3764633394947627,75715.3982
174.66,75.49,395.49,81.08,0,2023,1,9,16,2.3136839316465756,0.20501150471566917,14161.432799999999
135.63,116.73,311.91,90.39,0,2023,1,9,17,1.161912104857363,0.2897951332115033,12259.5957
101.39,378.6,477.48,136.23,0,2023,1,9,18,0.2678024300052826,0.28531037949233473,13812.359699999999
248.69,113.36,377.35,81.2,0,2023,1,9,19,2.1938073394495414,0.2151848416589373,20193.628
132.5,150.32,454.05,66.27,0,2023,1,9,20,0.8814529004789782,0.14595308886686487,8780.775
103.02,373.08,118.77,73.32,0,2023,1,9,21,0.27613380508201996,0.6173276079818135,7553.426399999999
459.9,33.29,445.12,106.64,0,2023,1,9,22,13.814959447281465,0.23957584471603163,49043.736
427.46,193.21,437.78,214.88,0,2023,1,9,23,2.2124113658713314,0.4908401480195532,91852.60479999999
138.76,304.89,253.75,132.76,0,2023,1,10,0,0.4551149594935878,0.5231921182266009,18421.777599999998
404.62,99.28,499.01,142.97,0,2023,1,10,1,4.075543916196616,0.28650728442315787,57848.5214
400.92,193.38,256.22,203.29,0,2023,1,10,2,2.073223704623022,0.7934197174303332,81503.0268
453.43,84.43,319.67,248.41,0,2023,1,10,3,5.370484424967429,0.7770826164482122,112636.5463
258.68,365.61,246.31,257.18,0,2023,1,10,4,0.7075298815677908,1.0441313791563478,66527.3224
60.32,385.89,397.1,257.45,0,2023,1,10,5,0.15631397548524192,0.6483253588516745,15529.384
173.17,170.49,332.17,258.55,0,2023,1,10,6,1.015719397032084,0.7783664990817954,44773.1035
51.69,332.86,178.29,216.57,0,2023,1,10,7,0.15529051252778944,1.2147063772505469,11194.503299999998
387.87,367.77,185.48,260.85,0,2023,1,10,8,1.054653723794763,1.4063510890662068,101175.8895
61.84,352.21,246.22,154.88,0,2023,1,10,9,0.17557707049771445,0.6290309479327431,9577.7792
130.8,393.27,213.64,270.3,0,2023,1,10,10,0.33259592646273556,1.2652125070211573,35355.240000000005
78.1,369.28,445.0,205.36,0,2023,1,10,11,0.21149263431542462,0.46148314606741575,16038.616
151.73,185.4,136.6,151.55,0,2023,1,10,12,0.8183926645091693,1.1094436310395317,22994.6815
379.21,354.82,398.34,203.98,0,2023,1,10,13,1.0687390789696183,0.5120751117136115,77351.2558
466.34,30.22,168.17,81.95,0,2023,1,10,14,15.43150231634679,0.48730451329012314,38216.563
344.22,136.41,328.5,266.88,0,2023,1,10,15,2.5234220365075877,0.8124200913242009,91865.4336
95.15,131.13,210.43,263.87,0,2023,1,10,16,0.725615801113399,1.2539561849546168,25107.2305
351.33,46.29,309.49,262.38,0,2023,1,10,17,7.5897602073882044,0.8477818346311674,92181.9654
386.94,220.64,265.54,97.28,0,2023,1,10,18,1.753716461203771,0.3663478195375461,37641.5232
206.79,214.24,144.98,258.5,0,2023,1,10,19,0.9652259148618371,1.7830045523520486,53455.215
249.15,93.77,300.04,73.49,0,2023,1,10,20,2.657033166257865,0.2449340087988268,18310.033499999998
275.72,68.84,322.64,74.63,0,2023,1,10,21,4.005229517722254,0.2313104388792462,20576.9836
295.33,320.92,282.76,182.01,0,2023,1,10,22,0.920260501059454,0.6436907624840854,53753.01329999999
473.93,208.78,327.5,266.45,0,2023,1,10,23,2.2699971261615097,0.813587786259542,126278.6485
145.34,269.29,457.53,63.44,0,2023,1,11,0,0.5397155482936611,0.1386575743667082,9220.3696
335.75,144.14,274.46,159.91,0,2023,1,11,1,2.329332593312058,0.5826349923486118,53689.7825
299.61,196.27,421.39,224.81,0,2023,1,11,2,1.526519590360218,0.5334962861007618,67355.3241
486.77,298.72,424.77,81.76,0,2023,1,11,3,1.6295192822710227,0.19248063657979614,39798.315200000005
87.72,128.01,173.79,183.82,1,2023,1,11,4,0.6852589641434264,1.0577133321825192,16124.6904
369.34,298.22,295.44,205.78,0,2023,1,11,5,1.2384816578364963,0.6965204440834011,76002.7852
466.14,242.84,244.31,165.34,0,2023,1,11,6,1.919535496623291,0.6767631288117556,77071.5876
355.99,249.15,418.1,71.06,0,2023,1,11,7,1.428817981135862,0.1699593398708443,25296.649400000002
364.71,334.23,229.12,165.44,0,2023,1,11,8,1.0911946862938693,0.7220670391061452,60337.62239999999
256.38,88.1,426.22,261.79,0,2023,1,11,9,2.910102156640182,0.6142133170663038,67117.72020000001
277.53,218.89,493.14,165.54,0,2023,1,11,10,1.2678971172735163,0.3356856065214746,45942.316199999994
304.16,260.46,380.47,238.12,0,2023,1,11,11,1.167780081394456,0.6258574920493074,72426.57920000001
169.57,113.74,433.38,158.22,0,2023,1,11,12,1.4908563390188148,0.36508376021043887,26829.3654
123.42,217.93,106.44,272.45,0,2023,1,11,13,0.5663286376359381,2.5596580232995114,33625.779
78.69,104.69,215.93,126.43,0,2023,1,11,14,0.7516477218454485,0.58551382392442,9948.7767
426.49,132.99,455.98,88.58,0,2023,1,11,15,3.2069328520941425,0.19426290626781875,37778.4842
473.71,239.43,486.5,197.06,0,2023,1,11,16,1.9784905817984377,0.40505652620760535,93349.2926
459.98,78.16,339.41,297.35,0,2023,1,11,17,5.885107471852611,0.8760790784007543,136775.053
471.48,330.59,256.84,174.62,0,2023,1,11,18,1.4261774403339487,0.6798785235944558,82329.8376
471.08,61.33,242.96,284.32,0,2023,1,11,19,7.681069623349095,1.1702337833388212,133937.4656
130.04,266.19,236.0,228.17,0,2023,1,11,20,0.48852323528306846,0.966822033898305,29671.226799999997
206.27,123.16,125.66,86.25,0,2023,1,11,21,1.6748132510555376,0.6863759350628681,17790.787500000002
439.41,40.6,371.77,276.87,0,2023,1,11,22,10.822906403940888,0.744734647766092,121659.44670000001
213.77,370.43,432.1,86.39,0,2023,1,11,23,0.5770860891396485,0.1999305716269382,18467.5903
457.61,120.31,289.59,263.74,0,2023,1,12,0,3.8035907239630955,0.9107358679512415,120690.0614
405.52,255.97,366.3,92.44,0,2023,1,12,1,1.5842481540805562,0.25236145236145235,37486.2688
131.32,230.67,355.28,245.75,0,2023,1,12,2,0.5692981315298912,0.6917079486602117,32271.89
151.25,398.8,239.1,81.96,0,2023,1,12,3,0.37926278836509525,0.3427854454203262,12396.449999999999
243.61,215.74,182.41,287.84,0,2023,1,12,4,1.1291832761657552,1.5779836631763609,70120.7024
74.55,201.09,371.81,134.33,0,2023,1,12,5,0.37072952409368937,0.361286678679971,10014.301500000001
222.02,80.02,163.48,94.98,0,2023,1,12,6,2.7745563609097728,0.5809885001223392,21087.459600000002
178.36,173.9,229.73,120.33,0,2023,1,12,7,1.025646923519264,0.5237887955425935,21462.058800000003
342.84,207.43,294.7,168.63,0,2023,1,12,8,1.6527985344453548,0.5722090261282661,57813.10919999999
247.52,86.16,313.71,190.76,0,2023,1,12,9,2.8727948003714023,0.608077523827739,47216.9152
498.2,96.06,311.35,284.65,0,2023,1,12,10,5.186341869664792,0.914244419463626,141812.62999999998
200.36,323.71,238.62,186.31,0,2023,1,12,11,0.6189490593432394,0.7807811583270472,37329.0716
399.98,151.31,183.6,247.42,0,2023,1,12,12,2.6434472275460976,1.34760348583878,98963.0516
483.81,358.54,346.78,174.88,0,2023,1,12,13,1.3493891894907122,0.5042966722417671,84608.6928
312.63,144.86,258.82,220.39,0,2023,1,12,14,2.1581526991578075,0.85151842979677,68900.5257
234.49,266.05,122.22,101.25,0,2023,1,12,15,0.8813756812629205,0.8284241531664213,23742.1125
115.92,335.64,136.32,182.55,0,2023,1,12,16,0.34537003932785126,1.3391285211267607,21161.196
63.1,152.01,214.08,134.94,0,2023,1,12,17,0.41510426945595685,0.6303251121076233,8514.714
113.2,299.51,186.76,246.52,0,2023,1,12,18,0.37795065273279693,1.3199828657100023,27906.064000000002
229.02,286.0,267.72,193.25,0,2023,1,12,19,0.8007692307692308,0.721836246825041,44258.115000000005
296.5,399.06,342.49,94.61,0,2023,1,12,20,0.7429960406956347,0.2762416420917399,28051.865
99.02,260.12,239.72,284.68,0,2023,1,12,21,0.38067045978779024,1.1875521441681962,28189.0136
256.17,206.26,455.87,176.73,0,2023,1,12,22,1.2419761466110735,0.3876763112290784,45272.924100000004
132.03,71.95,375.53,288.91,0,2023,1,12,23,1.835024322446143,0.7693393337416453,38144.7873
55.72,94.0,271.45,227.59,0,2023,1,13,0,0.5927659574468085,0.8384232823724443,12681.3148
354.98,217.37,170.82,196.33,0,2023,1,13,1,1.6330680406679856,1.1493384849549235,69693.2234
381.45,36.08,433.61,215.71,0,2023,1,13,2,10.572339246119734,0.4974746892368718,82282.5795
216.3,98.38,150.43,237.67,0,2023,1,13,3,2.19861760520431,1.579937512464269,51408.021
359.07,150.03,466.06,292.7,0,2023,1,13,4,2.3933213357328533,0.6280307256576406,105099.78899999999
230.57,312.15,197.34,173.14,0,2023,1,13,5,0.7386512894441775,0.8773690078037903,39920.8898
106.84,342.4,330.5,90.32,0,2023,1,13,6,0.3120327102803739,0.2732829046898638,9649.7888
450.15,220.13,274.16,60.7,0,2023,1,13,7,2.044927997092627,0.22140355996498395,27324.105
80.57,339.21,328.34,272.83,0,2023,1,13,8,0.23752247870051,0.8309374428945605,21981.913099999998
239.51,280.56,441.97,63.82,0,2023,1,13,9,0.8536854861705161,0.14439894110459986,15285.528199999999
114.81,177.06,425.06,202.28,0,2023,1,13,10,0.6484242629617079,0.47588575730485105,23223.7668
350.56,145.82,217.21,259.92,0,2023,1,13,11,2.4040597997531203,1.196629989411169,91117.5552
478.35,82.94,133.99,227.59,0,2023,1,13,12,5.767422232939475,1.6985595939995521,108867.6765
363.13,120.84,488.46,223.96,0,2023,1,13,13,3.0050479973518702,0.4585022315030914,81326.5948
224.55,231.73,157.26,158.69,0,2023,1,13,14,0.9690156647822898,1.009093221416762,35633.8395
129.04,294.0,156.58,53.03,0,2023,1,13,15,0.4389115646258503,0.338676714778388,6842.9911999999995
453.79,190.69,412.74,181.42,0,2023,1,13,16,2.3797262572762077,0.43955032223675916,82326.5818
125.62,260.82,319.35,149.54,0,2023,1,13,17,0.48163484395368455,0.4682636605605135,18785.214799999998
492.92,155.53,473.61,218.95,0,2023,1,13,18,3.1692920979875265,0.4623002048098646,107924.834
219.03,101.92,334.76,162.11,0,2023,1,13,19,2.1490384615384617,0.48425737842036093,35506.9533
106.47,159.53,442.91,182.39,0,2023,1,13,20,0.6673979815708644,0.4117992368652773,19419.063299999998
76.77,298.18,444.32,192.96,0,2023,1,13,21,0.2574619357435106,0.43428159884767736,14813.5392
392.88,62.04,456.41,147.72,0,2023,1,13,22,6.332688588007737,0.3236563616046975,58036.2336
352.63,288.99,421.74,281.09,0,2023,1,13,23,1.2202152323609814,0.6665006876274481,99120.7667
257.16,221.03,318.93,83.35,0,2023,1,14,0,1.163461973487762,0.2613426143667889,21434.286
385.8,159.26,448.86,247.63,0,2023,1,14,1,2.4224538490518652,0.5516864946753999,95535.654
314.64,262.72,491.01,277.07,0,2023,1,14,2,1.1976248477466502,0.564285859758457,87177.3048
300.34,336.2,443.6,123.32,0,2023,1,14,3,0.8933372992266507,0.2779981965734896,37037.928799999994
239.94,52.98,417.49,129.27,0,2023,1,14,4,4.528878822197056,0.309636158949915,31017.043800000003
238.13,44.97,345.49,89.84,0,2023,1,14,5,5.295307983099844,0.26003646994124285,21393.5992
146.54,324.85,433.68,206.65,0,2023,1,14,6,0.45110050792673534,0.4765034126544918,30282.490999999998
297.08,210.4,441.49,63.8,0,2023,1,14,7,1.411977186311787,0.1445106344424562,18953.703999999998
264.59,256.31,485.28,108.71,0,2023,1,14,8,1.0323046311107642,0.2240150016485328,28763.578899999997
204.96,107.32,170.44,113.9,0,2023,1,14,9,1.909802459932911,0.6682703590706407,23344.944000000003
467.88,313.31,185.24,158.43,0,2023,1,14,10,1.4933452491142958,0.8552688404232347,74126.2284
409.72,316.62,208.11,146.45,0,2023,1,14,11,1.2940433327016614,0.703714381817308,60003.494
77.41,345.54,162.02,118.47,0,2023,1,14,12,0.2240261619494125,0.7312060239476608,9170.7627
398.94,180.74,331.06,261.02,0,2023,1,14,13,2.2072590461436317,0.7884371413036911,104131.3188
208.07,384.78,381.57,138.47,0,2023,1,14,14,0.5407505587608504,0.362895405823309,28811.4529
437.33,388.59,412.08,109.11,0,2023,1,14,15,1.1254278288170052,0.26477868375072805,47717.0763
288.66,317.35,120.36,241.24,1,2023,1,14,16,0.9095950842917914,2.0043203722166836,69636.33840000001
164.12,71.15,123.65,128.28,0,2023,1,14,17,2.3066760365425156,1.0374443995147593,21053.3136
373.43,309.99,354.64,148.06,0,2023,1,14,18,1.2046517629600955,0.4174937965260546,55290.0458
499.02,152.06,442.71,255.44,0,2023,1,14,19,3.281730895699066,0.576991710148856,127469.6688
203.18,342.38,336.18,136.36,0,2023,1,14,20,0.5934341959226591,0.4056160390267119,27705.624800000005
237.05,225.68,228.77,247.13,0,2023,1,14,21,1.0503810705423609,1.0802552782270403,58582.1665
465.82,247.89,486.19,138.73,0,2023,1,14,22,1.8791399411029086,0.2853411217836648,64623.20859999999
463.73,184.67,375.08,217.95,0,2023,1,14,23,2.511127957979098,0.5810760371120828,101069.9535
339.08,180.34,227.32,256.63,0,2023,1,15,0,1.8802262393257179,1.1289371810663382,87018.1004
175.87,76.87,324.81,196.5,0,2023,1,15,1,2.287888643163783,0.6049690588343954,34558.455
217.72,90.26,305.39,214.74,0,2023,1,15,2,2.412142698869931,0.7031664429090672,46753.192800000004
314.2,31.18,284.33,61.23,0,2023,1,15,3,10.076972418216805,0.2153483628178525,19238.465999999997
393.61,340.4,144.14,180.09,0,2023,1,15,4,1.1563160987074033,1.2494102955459971,70885.2249
409.1,46.78,399.64,90.93,0,2023,1,15,5,8.74519025224455,0.22752977679911923,37199.463
432.87,178.36,175.28,126.01,0,2023,1,15,6,2.4269455034761154,0.7189068918302145,54545.9487
85.39,68.26,255.24,137.76,0,2023,1,15,7,1.250952241429827,0.539727315467795,11763.3264
204.24,70.41,414.97,140.95,0,2023,1,15,8,2.9007243289305498,0.33966310817649464,28787.628
127.84,364.63,195.72,134.28,0,2023,1,15,9,0.35060198008940574,0.6860821581851625,17166.3552
418.74,30.79,206.9,85.16,0,2023,1,15,10,13.599870087690809,0.4115998066698888,35659.8984
199.86,324.73,361.85,231.1,0,2023,1,15,11,0.6154651556677856,0.6386624291833632,46187.646
136.82,279.24,106.93,198.78,0,2023,1,15,12,0.4899727832688726,1.8589731600112223,27197.079599999997
105.97,309.58,106.94,146.91,0,2023,1,15,13,0.3423024743200465,1.373760987469609,15568.0527
348.89,33.05,376.05,162.13,0,2023,1,15,14,10.556429652042361,0.43113947613349285,56565.53569999999
55.95,364.04,132.48,211.49,0,2023,1,15,15,0.15369190198879243,1.5963919082125606,11832.865500000002
333.57,312.56,466.76,211.71,1,2023,1,15,16,1.0672190939339647,0.4535735710000857,70620.1047
351.19,175.89,107.44,109.36,0,2023,1,15,17,1.9966456307919724,1.0178704393149665,38406.138399999996
486.05,193.48,353.47,146.85,0,2023,1,15,18,2.5121459582385777,0.41545251365038044,71376.4425
154.47,293.46,124.3,201.89,0,2023,1,15,19,0.5263749744428543,1.624215607401448,31185.948299999996
401.26,137.32,206.41,81.45,0,2023,1,15,20,2.9220798135741335,0.39460297466208033,32682.627
279.56,68.02,475.62,159.48,0,2023,1,15,21,4.109967656571597,0.3353097010218241,44584.2288
114.02,191.09,320.61,249.94,0,2023,1,15,22,0.5966821916374483,0.7795764324256885,28498.158799999997
395.81,219.97,146.16,295.58,0,2023,1,15,23,1.7993817338728009,2.022304324028462,116993.5198
464.95,221.43,387.91,290.41,0,2023,1,16,0,2.099760646705505,0.7486530380758424,135026.1295
410.29,241.41,340.09,110.23,0,2023,1,16,1,1.6995567706391617,0.32412008585962543,45226.26670000001
411.01,135.37,471.88,123.92,0,2023,1,16,2,3.036197089458521,0.26260913791641943,50932.3592
412.05,303.13,333.67,184.02,0,2023,1,16,3,1.3593177844489164,0.5515029819881919,75825.441
469.86,141.09,288.85,259.82,0,2023,1,16,4,3.3302147565383797,0.8994980093474121,122079.0252
462.35,192.18,419.33,116.73,0,2023,1,16,5,2.405817462795296,0.27837264207187656,53970.11550000001
396.18,341.94,496.52,200.18,0,2023,1,16,6,1.1586243200561501,0.40316603560783054,79307.31240000001
439.08,218.62,222.99,104.64,0,2023,1,16,7,2.008416430335742,0.46925871115296647,45945.3312
177.5,287.82,458.37,66.16,0,2023,1,16,8,0.6167048849975679,0.14433754390557846,11743.4
191.28,342.31,209.5,202.16,0,2023,1,16,9,0.558791738482662,0.964964200477327,38669.1648
234.75,376.84,388.03,58.3,0,2023,1,16,10,0.6229434242649401,0.15024611499110893,13685.925
387.47,283.77,122.13,241.06,0,2023,1,16,11,1.3654367974063504,1.973798411528699,93403.5182
276.11,47.56,398.22,295.65,0,2023,1,16,12,5.805508830950378,0.7424288081964742,81631.9215
449.4,89.66,255.1,277.04,1,2023,1,16,13,5.012268570153915,1.0860054880439045,124501.776
404.74,100.7,403.97,222.76,0,2023,1,16,14,4.0192651439920555,0.551427086169765,90159.8824
217.97,242.03,228.9,188.82,0,2023,1,16,15,0.9005908358467959,0.8249017038007863,41157.0954
156.37,174.45,228.19,218.37,0,2023,1,16,16,0.896359988535397,0.9569656864893291,34146.5169
416.04,267.56,417.9,120.88,0,2023,1,16,17,1.554940947824787,0.28925580282364205,50290.9152
471.23,140.48,465.23,151.23,0,2023,1,16,18,3.354427676537586,0.32506502160221823,71264.1129
340.76,245.88,462.66,193.48,0,2023,1,16,19,1.3858792907109159,0.41819046383953656,65930.2448
206.77,289.46,490.14,256.32,0,2023,1,16,20,0.714330131969875,0.5229526257803893,52999.286400000005
436.3,248.77,251.11,75.88,0,2023,1,16,21,1.7538288378823812,0.3021783282226912,33106.443999999996
195.4,117.15,325.64,234.38,0,2023,1,16,22,1.6679470763977806,0.7197518732342464,45797.852
116.76,32.5,199.89,136.8,0,2023,1,16,23,3.5926153846153848,0.6843764070238633,15972.768000000002
279.21,386.83,348.64,281.53,0,2023,1,17,0,0.7217899335625468,0.8075091785222579,78605.99129999998
435.72,334.28,313.62,268.78,0,2023,1,17,1,1.303458178772287,0.8570244244627255,117112.8216
140.48,277.48,242.01,296.82,0,2023,1,17,2,0.5062707222142135,1.2264782447006322,41697.27359999999
205.33,297.88,261.65,258.63,1,2023,1,17,3,0.6893044178863973,0.9884578635581885,53104.4979
423.6,325.33,229.53,216.91,0,2023,1,17,4,1.3020625211323889,0.9450180804252167,91883.076
103.71,276.09,190.77,107.47,0,2023,1,17,5,0.37563837878952516,0.56334853488494,11145.713699999998
389.48,113.49,214.84,229.67,0,2023,1,17,6,3.4318442153493702,1.0690281139452615,89451.8716
332.77,157.96,246.08,105.69,0,2023,1,17,7,2.1066725753355278,0.4294944733420026,35170.461299999995
50.91,261.05,208.21,283.86,0,2023,1,17,8,0.1950201110898295,1.3633350943758706,14451.3126
314.66,248.18,148.78,135.12,0,2023,1,17,9,1.2678700942864052,0.9081865842183089,42516.859200000006
228.33,64.85,185.59,295.66,0,2023,1,17,10,3.5208943716268317,1.5930815237889973,67508.04780000001
113.13,150.93,210.82,264.75,0,2023,1,17,11,0.7495527728085867,1.2558106441514088,29951.1675
61.83,389.99,254.1,116.32,0,2023,1,17,12,0.15854252673145464,0.4577725304998032,7192.065599999999
466.82,247.02,428.66,275.49,0,2023,1,17,13,1.8898064934013439,0.6426771800494564,128604.2418
485.64,331.53,476.59,55.87,0,2023,1,17,14,1.464844810424396,0.11722864516670513,27132.706799999996
421.97,273.15,392.09,181.42,0,2023,1,17,15,1.5448288486179758,0.4626998903313015,76553.7974
375.84,187.67,238.85,67.6,0,2023,1,17,16,2.002664251079022,0.2830228176679924,25406.783999999996
410.12,53.62,325.51,190.33,0,2023,1,17,17,7.648638567698621,0.5847132192559369,78058.13960000001
101.21,289.14,348.59,157.47,0,2023,1,17,18,0.3500380438541883,0.4517341289193609,15937.5387
83.7,88.76,364.14,155.86,0,2023,1,17,19,0.9429923388913924,0.42802218926786406,13045.482000000002
349.87,293.26,257.76,88.01,0,2023,1,17,20,1.1930368955875332,0.34144165114835506,30792.0587
103.59,98.19,499.22,162.66,0,2023,1,17,21,1.0549954170485794,0.3258282921357317,16849.9494
207.48,315.47,447.7,95.42,0,2023,1,17,22,0.6576853583542016,0.2131337949519768,19797.741599999998
182.84,368.13,410.51,263.94,0,2023,1,17,23,0.4966723711732269,0.6429563226230787,48258.789600000004
340.47,158.05,228.95,204.85,0,2023,1,18,0,2.154191711483708,0.8947368421052632,69745.2795
426.03,201.83,332.69,224.7,0,2023,1,18,1,2.110835851954615,0.6754035288106044,95728.94099999999
200.93,127.36,154.36,71.73,0,2023,1,18,2,1.577653894472362,0.46469292562840114,14412.708900000001
431.61,354.39,258.08,50.05,0,2023,1,18,3,1.217895538813172,0.1939321140731556,21602.0805
470.25,147.43,126.76,282.61,0,2023,1,18,4,3.1896493251034386,2.22948879772799,132897.3525
378.0,30.97,100.06,62.51,0,2023,1,18,5,12.20536002583145,0.6247251649010593,23628.78
476.39,337.59,443.34,78.13,0,2023,1,18,6,1.411149619360763,0.17623043262507332,37220.350699999995
385.53,307.33,429.76,78.68,0,2023,1,18,7,1.2544496144209807,0.18307892777364113,30333.5004
419.48,353.15,185.73,151.94,0,2023,1,18,8,1.1878238708763982,0.818069240295052,63735.7912
326.27,103.02,412.9,297.8,0,2023,1,18,9,3.1670549407881965,0.7212400096875757,97163.20599999999
311.78,89.42,431.75,141.04,0,2023,1,18,10,3.486692015209125,0.32667052692530396,43973.451199999996
106.8,61.76,379.64,193.16,0,2023,1,18,11,1.7292746113989637,0.5087978084501107,20629.487999999998
241.45,279.2,455.39,204.79,0,2023,1,18,12,0.8647922636103151,0.4497024528426184,49446.54549999999
128.98,183.49,250.92,213.71,0,2023,1,18,13,0.7029265900049048,0.8517057229395825,27564.3158
291.71,244.08,364.96,283.36,0,2023,1,18,14,1.1951409373975743,0.7764138535729944,82658.94559999999
81.64,344.83,358.04,291.66,0,2023,1,18,15,0.23675434271960097,0.8146017204781589,23811.122400000004
66.03,261.79,105.51,100.79,0,2023,1,18,16,0.25222506589250926,0.9552649038005876,6655.163700000001
290.94,206.53,202.0,240.63,0,2023,1,18,17,1.4087057570328765,1.1912376237623763,70008.8922
54.77,374.22,334.37,64.4,0,2023,1,18,18,0.1463577574688686,0.19260101085623713,3527.1880000000006
247.95,279.18,143.58,290.28,1,2023,1,18,19,0.8881366860090264,2.0217300459674044,71974.92599999999
136.89,128.46,481.87,227.66,0,2023,1,18,20,1.0656235404016814,0.47245107601635294,31164.377399999998
193.69,177.4,153.24,281.37,0,2023,1,18,21,1.091826381059752,1.836139389193422,54498.5553
150.97,153.38,256.98,250.1,0,2023,1,18,22,0.9842873907941062,0.9732274885205073,37757.597
199.83,369.25,229.24,278.76,0,2023,1,18,23,0.5411780636425186,1.2160181469202582,55704.6108
346.57,291.1,169.27,188.56,0,2023,1,19,0,1.1905530745448298,1.113959945648963,65349.239199999996
137.33,168.6,221.85,273.04,0,2023,1,19,1,0.8145314353499408,1.2307414919990987,37496.58320000001
247.87,269.64,120.18,203.7,0,2023,1,19,2,0.9192627206645899,1.694957563654518,50491.119
303.97,250.6,445.03,111.24,0,2023,1,19,3,1.2129688747007183,0.24996067680830505,33813.622800000005
342.35,375.07,124.67,183.01,0,2023,1,19,4,0.9127629509158292,1.4679554022619714,62653.4735
96.01,81.75,387.9,85.02,0,2023,1,19,5,1.174434250764526,0.2191802010827533,8162.7702
320.7,314.12,225.42,135.03,0,2023,1,19,6,1.0209474086336432,0.5990151716795316,43304.121
370.12,287.52,182.78,92.96,0,2023,1,19,7,1.287284362826934,0.5085895612211402,34406.3552
481.06,390.89,429.59,242.48,0,2023,1,19,8,1.230678707564788,0.5644451686491772,116647.4288
198.25,208.55,209.02,148.51,0,2023,1,19,9,0.9506113641812515,0.7105061716582144,29442.1075
325.88,292.52,127.88,50.8,0,2023,1,19,10,1.1140434842062081,0.39724741945573977,16554.703999999998
294.04,250.58,401.1,201.12,0,2023,1,19,11,1.1734376247106713,0.5014210919970082,59137.3248
175.08,228.98,281.16,281.46,0,2023,1,19,12,0.7646082627303695,1.0010670081092614,49278.0168
281.48,210.81,191.4,249.31,0,2023,1,19,13,1.3352307765286278,1.3025600835945663,70175.7788
405.96,100.78,116.74,280.22,0,2023,1,19,14,4.028180194483032,2.400376905944835,113758.1112
122.36,315.55,359.83,218.79,0,2023,1,19,15,0.38776739027095547,0.6080371286440819,26771.144399999997
125.01,192.2,175.62,263.05,0,2023,1,19,16,0.6504162330905308,1.4978362373306002,32883.8805
161.36,239.32,428.57,296.45,0,2023,1,19,17,0.674243690456293,0.6917189723965746,47835.172
221.61,299.78,253.91,164.95,0,2023,1,19,18,0.7392421108813131,0.6496396360915284,36554.5695
186.17,164.64,485.53,292.08,0,2023,1,19,19,1.1307701652089408,0.6015694189854386,54376.533599999995
327.62,234.37,152.36,255.23,0,2023,1,19,20,1.3978751546699664,1.6751772118666315,83618.4526
387.83,384.47,478.57,196.18,0,2023,1,19,21,1.0087393034567065,0.4099295818793489,76084.4894
262.59,210.57,114.68,160.18,0,2023,1,19,22,1.247043738424277,1.396756191140565,42061.6662
402.26,74.89,303.29,225.69,0,2023,1,19,23,5.371344638803579,0.7441392726433446,90786.0594
446.02,81.96,363.92,69.72,0,2023,1,20,0,5.4419228892142515,0.19158056715761704,31096.5144
179.19,329.2,126.0,254.7,0,2023,1,20,1,0.5443195625759417,2.0214285714285714,45639.693
118.43,194.21,351.9,214.21,0,2023,1,20,2,0.6098038206065599,0.6087240693378801,25368.890300000003
411.43,262.61,479.56,176.73,1,2023,1,20,3,1.5666958607821484,0.36852531487196594,72712.0239
206.36,73.15,147.96,275.73,0,2023,1,20,4,2.8210526315789473,1.863544201135442,56899.64280000001
368.26,92.41,312.89,195.63,0,2023,1,20,5,3.9850665512390435,0.6252357058391128,72042.7038
87.47,376.01,401.08,84.23,0,2023,1,20,6,0.23262679184064253,0.210007978458163,7367.5981
179.32,44.29,365.92,97.53,0,2023,1,20,7,4.048769473921879,0.2665336685614342,17489.0796
286.42,366.73,332.84,176.09,0,2023,1,20,8,0.7810105527227116,0.5290529984376878,50435.6978
414.32,232.83,451.51,207.95,0,2023,1,20,9,1.779495769445518,0.46056565746052136,86157.844
74.13,384.65,196.86,148.03,0,2023,1,20,10,0.1927206551410373,0.7519557045616173,10973.463899999999
336.93,370.43,389.82,208.81,0,2023,1,20,11,0.909564560105823,0.5356574829408445,70354.3533
211.33,329.56,248.34,101.94,0,2023,1,20,12,0.6412489379779099,0.410485624546992,21542.9802
282.37,39.64,296.05,282.54,0,2023,1,20,13,7.123360242179617,0.9543658165850364,79780.81980000001
440.99,132.07,294.01,218.84,0,2023,1,20,14,3.339062618308473,0.7443284242032584,96506.2516
138.01,369.98,239.47,50.36,0,2023,1,20,15,0.37302016325206766,0.21029774084436464,6950.183599999999
144.02,238.04,378.9,85.2,0,2023,1,20,16,0.6050243656528316,0.22486144101346003,12270.504
408.35,253.72,162.51,130.3,0,2023,1,20,17,1.6094513637080248,0.801796812503846,53208.005000000005
405.9,295.5,115.66,206.53,0,2023,1,20,18,1.3736040609137055,1.7856648798201626,83830.527
369.58,244.53,115.28,120.82,0,2023,1,20,19,1.5113891955997218,1.0480569049271338,44652.6556
361.27,237.09,461.48,202.86,0,2023,1,20,20,1.5237673457336876,0.43958568085290806,73287.2322
427.8,63.58,356.75,138.43,0,2023,1,20,21,6.728530984586349,0.3880308339173091,59220.35400000001
122.39,106.43,257.62,96.73,0,2023,1,20,22,1.1499577186883396,0.3754755065600497,11838.7847
77.04,280.53,490.01,271.9,0,2023,1,20,23,0.274623034969522,0.5548866349666333,20947.176
355.28,306.05,134.86,117.72,0,2023,1,21,0,1.160856069269727,0.8729052350585792,41823.56159999999
148.59,52.16,228.68,69.09,1,2023,1,21,1,2.848734662576687,0.3021252405107574,10266.083100000002
490.81,398.22,244.56,285.46,0,2023,1,21,2,1.232509668022701,1.1672391233235198,140106.6226
107.06,69.68,205.3,157.23,0,2023,1,21,3,1.5364523536165327,0.7658548465660009,16833.0438
393.8,346.7,374.96,91.3,0,2023,1,21,4,1.135852321892126,0.2434926392148496,35953.94
268.26,246.56,208.0,136.38,1,2023,1,21,5,1.088011031797534,0.6556730769230769,36585.2988
176.27,331.26,316.55,205.43,1,2023,1,21,6,0.5321197850630924,0.6489654083083242,36211.146100000005
326.81,101.3,162.95,92.59,0,2023,1,21,7,3.2261599210266536,0.5682111077017491,30259.337900000002
227.05,38.07,290.5,143.94,0,2023,1,21,8,5.964013659049121,0.4954905335628227,32681.577
114.5,360.21,245.92,55.75,0,2023,1,21,9,0.3178701313122901,0.22669973975276514,6383.375
148.44,96.21,367.45,106.49,0,2023,1,21,10,1.5428749610227628,0.28980813716151854,15807.3756
96.6,73.62,158.43,89.23,0,2023,1,21,11,1.3121434392828035,0.5632140377453765,8619.618
168.88,294.88,255.74,276.27,0,2023,1,21,12,0.5727075420510038,1.0802768436693515,46656.4776
286.55,94.43,115.61,151.4,0,2023,1,21,13,3.0345229270358995,1.3095752962546494,43383.670000000006
462.45,44.65,289.76,106.51,0,2023,1,21,14,10.357222844344905,0.3675800662617339,49255.5495
269.36,371.73,271.79,54.05,0,2023,1,21,15,0.7246119495332634,0.19886677214025533,14558.908
401.1,340.51,327.24,113.96,0,2023,1,21,16,1.1779389738921031,0.34824593570468154,45709.356
338.87,31.98,117.98,171.69,0,2023,1,21,17,10.596310193871169,1.455246651974911,58180.5903
101.2,218.64,486.86,203.02,0,2023,1,21,18,0.46286132455177464,0.416998726533295,20545.624
127.92,175.17,146.35,199.31,0,2023,1,21,19,0.7302620311697209,1.3618722241202597,25495.7352
73.97,249.39,118.71,82.27,0,2023,1,21,20,0.2966037130598661,0.6930334428439053,6085.5118999999995
247.32,263.34,312.02,78.25,0,2023,1,21,21,0.939166097060834,0.2507852060765336,19352.79
315.35,306.38,325.22,292.37,0,2023,1,21,22,1.029277367974411,0.898991451940225,92198.87950000001
103.78,54.69,490.89,238.02,0,2023,1,21,23,1.897604680928872,0.4848744117826805,24701.7156
319.8,172.79,140.67,169.91,0,2023,1,22,0,1.8508015510156839,1.2078623729295515,54337.218
266.68,380.07,269.89,82.35,0,2023,1,22,1,0.7016602204857,0.305124309904035,21961.097999999998
275.16,366.24,325.68,128.05,0,2023,1,22,2,0.7513106159895151,0.39317735200196513,35234.238000000005
462.62,62.31,175.03,152.77,0,2023,1,22,3,7.424490450970952,0.872821801976804,70674.4574
307.01,254.51,296.32,71.47,0,2023,1,22,4,1.2062787316804842,0.2411919546436285,21942.004699999998
188.37,261.66,229.15,170.82,0,2023,1,22,5,0.7199036918138041,0.7454505782238707,32177.3634
181.49,204.67,370.77,192.88,0,2023,1,22,6,0.8867445155616359,0.5202146883512689,35005.7912
390.12,267.42,476.62,101.78,0,2023,1,22,7,1.4588288086156607,0.21354538206537704,39706.4136
165.26,141.78,218.94,129.93,0,2023,1,22,8,1.165608689518973,0.5934502603453001,21472.2318
387.65,321.11,311.44,257.01,1,2023,1,22,9,1.2072187100993428,0.8252311841767275,99629.92649999999
140.03,116.36,469.43,125.03,0,2023,1,22,10,1.203420419388106,0.2663442898834757,17507.9509
188.38,38.0,471.32,185.36,0,2023,1,22,11,4.957368421052632,0.39327845200712896,34918.1168
420.61,65.6,452.91,222.41,0,2023,1,22,12,6.411737804878049,0.49106886577907305,93547.8701
379.83,89.01,466.79,93.56,0,2023,1,22,13,4.267273340074149,0.2004327427751237,35536.8948
158.69,101.6,412.84,218.53,0,2023,1,22,14,1.5619094488188976,0.5293333979265575,34678.5257
122.65,141.52,202.71,228.86,0,2023,1,22,15,0.8666619559072922,1.1290020225938533,28069.679000000004
213.63,58.72,125.4,299.58,0,2023,1,22,16,3.6381130790190737,2.3889952153110046,63999.2754
275.03,339.75,491.59,186.81,0,2023,1,22,17,0.8095069904341426,0.38001179844992783,51378.3543
319.48,384.17,434.76,266.55,0,2023,1,22,18,0.8316110055444205,0.613096881037814,85157.39400000001
131.07,237.1,245.42,196.79,0,2023,1,22,19,0.5528047237452551,0.8018498899845163,25793.2653
418.42,180.36,168.76,171.02,0,2023,1,22,20,2.3199157241073407,1.0133917990045036,71558.18840000001
351.09,121.01,360.41,228.23,0,2023,1,22,21,2.9013304685563175,0.6332510196720401,80129.2707
173.87,196.58,206.75,250.87,0,2023,1,22,22,0.8844745141926951,1.213397823458283,43618.7669
152.28,71.11,429.64,239.69,0,2023,1,22,23,2.1414709604837574,0.5578856717251652,36499.9932
343.12,276.15,132.91,58.81,0,2023,1,23,0,1.2425131269237735,0.4424798735986758,20178.8872
173.11,45.24,177.35,58.39,0,2023,1,23,1,3.826480990274094,0.32923597406258814,10107.8929
329.87,290.58,167.63,269.34,0,2023,1,23,2,1.1352123339527842,1.606752967845851,88847.18579999999
366.69,276.88,115.91,163.98,0,2023,1,23,3,1.3243643455648657,1.414718315934777,60129.826199999996
294.82,61.14,328.14,278.14,0,2023,1,23,4,4.8220477592410855,0.8476260132870116,82001.23479999999
126.67,244.81,207.93,95.18,0,2023,1,23,5,0.5174216739512275,0.4577502043957101,12056.4506
403.1,257.93,277.79,59.95,0,2023,1,23,6,1.5628271236381965,0.21581050433780913,24165.845
181.65,339.53,137.2,275.55,0,2023,1,23,7,0.5350042706093718,2.008381924198251,50053.6575
156.0,194.48,418.24,166.74,0,2023,1,23,8,0.8021390374331552,0.3986706197398623,26011.440000000002
128.31,273.76,428.62,201.64,0,2023,1,23,9,0.4686952074810053,0.47044001679809616,25872.428399999997
65.44,284.73,277.89,256.49,0,2023,1,23,10,0.22983177044919748,0.9229911115909174,16784.7056
398.01,302.95,482.94,168.73,0,2023,1,23,11,1.3137811520052813,0.349380875471073,67156.2273
288.23,39.89,443.5,250.64,0,2023,1,23,12,7.225620456254701,0.565140924464487,72241.9672
355.44,382.67,260.21,74.22,0,2023,1,23,13,0.9288420832571145,0.28523115944813804,26380.7568
88.41,225.33,212.76,293.1,0,2023,1,23,14,0.3923578751164958,1.3776085730400454,25912.971
105.34,369.34,231.39,216.91,1,2023,1,23,15,0.28521145827692646,0.937421669043606,22849.2994
125.68,245.31,136.11,262.25,0,2023,1,23,16,0.5123313358607476,1.926750422452428,32959.58
426.91,380.58,466.66,171.24,0,2023,1,23,17,1.1217352462031638,0.3669480992585608,73104.0684
413.88,32.34,383.83,56.91,0,2023,1,23,18,12.79777365491651,0.14826876481775786,23553.910799999998
292.52,31.76,180.38,283.59,0,2023,1,23,19,9.210327455919394,1.5721809513249805,82955.7468
52.81,142.94,396.73,103.29,0,2023,1,23,20,0.36945571568490276,0.2603533889547047,5454.744900000001
204.13,325.5,380.21,119.71,0,2023,1,23,21,0.6271274961597542,0.3148523184555903,24436.402299999998
238.76,383.3,461.98,94.23,0,2023,1,23,22,0.6229063396817114,0.20396986882549029,22498.3548
71.49,328.04,194.26,71.85,0,2023,1,23,23,0.21793074015363978,0.3698651292082776,5136.556499999999
412.18,47.94,231.01,114.11,0,2023,1,24,0,8.597830621610347,0.49396130037660707,47033.8598
52.35,355.02,242.96,296.29,0,2023,1,24,1,0.14745648132499578,1.2195011524530788,15510.781500000001
106.73,227.37,292.18,172.61,0,2023,1,24,2,0.4694110920526015,0.5907659661852284,18422.6653
412.34,181.71,449.18,119.36,0,2023,1,24,3,2.269220186010676,0.265728661115811,49216.9024
118.11,282.25,151.0,297.44,0,2023,1,24,4,0.41845881310894595,1.9698013245033112,35130.638399999996
377.94,203.81,235.05,217.66,0,2023,1,24,5,1.8543741720229625,0.9260157413316316,82262.4204
103.26,267.39,208.12,204.6,0,2023,1,24,6,0.3861774935487491,0.9830866807610993,21126.996
463.82,82.63,492.99,59.21,0,2023,1,24,7,5.6132155391504295,0.12010385606198909,27462.7822
242.16,382.37,177.47,54.26,0,2023,1,24,8,0.6333132829458378,0.30574181551811574,13139.6016
392.13,332.56,309.15,239.66,0,2023,1,24,9,1.1791255713254751,0.7752223839560085,93977.8758
237.47,308.09,466.18,70.77,0,2023,1,24,10,0.77078126521471,0.1518083143850015,16805.7519
295.83,203.2,170.75,127.93,0,2023,1,24,11,1.4558562992125985,0.7492240117130308,37845.5319
218.93,109.57,272.22,85.9,0,2023,1,24,12,1.9980834169937027,0.3155535963558886,18806.087000000003
241.95,123.22,182.41,103.07,0,2023,1,24,13,1.9635611102093815,0.5650457759991229,24937.7865
418.28,173.73,498.61,285.49,0,2023,1,24,14,2.407644045357739,0.5725717494635085,119414.7572
358.21,53.23,413.41,53.3,0,2023,1,24,15,6.729475859477738,0.12892769889455988,19092.592999999997
478.06,312.69,193.55,105.43,1,2023,1,24,16,1.5288624516294094,0.5447171273572721,50401.86580000001
482.32,324.34,446.44,104.97,0,2023,1,24,17,1.4870814577295433,0.23512678075441268,50629.1304
497.58,338.54,226.25,119.5,0,2023,1,24,18,1.4697820050806403,0.5281767955801105,59460.81
148.57,86.97,238.73,174.81,0,2023,1,24,19,1.7082902150166723,0.7322498219746157,25971.521699999998
202.85,32.65,464.84,155.23,0,2023,1,24,20,6.212863705972435,0.3339428620600637,31488.405499999997
490.94,93.92,201.76,162.72,0,2023,1,24,21,5.2272146507666095,0.8065027755749405,79885.7568
350.19,161.81,147.83,256.56,0,2023,1,24,22,2.1642049317100303,1.73550700128526,89844.7464
302.57,87.29,403.77,65.45,0,2023,1,24,23,3.466261885668461,0.16209723357356912,19803.2065
379.13,311.38,141.05,160.76,0,2023,1,25,0,1.2175798060247929,1.1397376816731655,60948.938799999996
443.73,239.19,169.83,168.76,0,2023,1,25,1,1.8551360842844602,0.993699581934876,74883.8748
98.45,205.68,470.66,179.98,0,2023,1,25,2,0.47865616491637497,0.382399184124421,17719.031
317.16,155.36,490.32,152.0,0,2023,1,25,3,2.041452111225541,0.3100016315875347,48208.32000000001
129.58,318.78,301.78,180.96,0,2023,1,25,4,0.4064872325741892,0.5996421234011532,23448.796800000004
441.29,297.19,242.21,209.18,0,2023,1,25,5,1.4848749957939367,0.8636307336608728,92309.04220000001
207.02,333.56,100.01,285.5,1,2023,1,25,6,0.6206379661829956,2.854714528547145,59104.21000000001
305.33,296.53,220.44,218.96,0,2023,1,25,7,1.0296765925875966,0.9932861549628017,66855.0568
355.12,161.81,476.02,118.29,0,2023,1,25,8,2.1946727643532538,0.24849796227049287,42007.1448
470.94,194.67,148.65,93.53,0,2023,1,25,9,2.419170904607798,0.629196098217289,44047.0182
265.27,339.01,230.0,146.23,0,2023,1,25,10,0.7824842924987463,0.6357826086956522,38790.4321
423.06,225.32,279.31,101.3,0,2023,1,25,11,1.8775963074738151,0.36267946009809887,42855.977999999996
362.92,359.3,272.08,237.26,0,2023,1,25,12,1.0100751461174506,0.8720229344310497,86106.3992
345.56,240.94,497.27,196.6,0,2023,1,25,13,1.434215987382751,0.395358658274177,67937.096
138.28,372.59,278.77,241.63,0,2023,1,25,14,0.3711318070801686,0.8667718908060409,33412.5964
292.3,251.47,389.71,267.37,0,2023,1,25,15,1.1623652920825547,0.6860742603474379,78152.251
225.79,187.32,321.62,166.57,0,2023,1,25,16,1.205370489002776,0.517909333996642,37609.840299999996
320.9,343.52,295.09,218.48,0,2023,1,25,17,0.9341523055426176,0.7403842895387848,70110.23199999999
448.6,398.58,119.66,258.04,0,2023,1,25,18,1.125495509057153,2.1564432558916935,115756.74400000002
67.39,343.33,166.55,67.14,0,2023,1,25,19,0.19628345906270936,0.4031221855298709,4524.5646
61.33,312.7,268.55,126.92,0,2023,1,25,20,0.19613047649504317,0.4726121765034444,7784.0036
109.04,158.09,245.54,188.95,1,2023,1,25,21,0.6897336959959517,0.769528386413619,20603.108
351.07,144.5,311.45,192.87,0,2023,1,25,22,2.4295501730103806,0.6192647294910901,67710.8709
175.91,100.21,108.3,296.43,0,2023,1,25,23,1.7554136313741144,2.7371191135734074,52145.0013
475.07,399.61,456.78,225.73,0,2023,1,26,0,1.1888341132604288,0.4941766276982355,107237.5511
108.37,150.41,464.16,238.78,0,2023,1,26,1,0.720497307359883,0.5144346776973457,25876.588600000003
277.69,321.08,198.82,188.75,0,2023,1,26,2,0.8648623396038371,0.9493511719142944,52413.9875
122.85,265.75,148.25,277.8,0,2023,1,26,3,0.46227657572906866,1.8738617200674537,34127.73
490.66,379.38,171.02,291.93,0,2023,1,26,4,1.293320681111287,1.7069933341129693,143238.3738
101.08,113.85,258.67,276.44,0,2023,1,26,5,0.8878348704435661,1.068697568330305,27942.5552
191.67,182.05,341.89,251.97,0,2023,1,26,6,1.0528426256522931,0.7369914299921028,48295.0899
283.96,48.26,304.18,91.16,0,2023,1,26,7,5.883961873186904,0.2996909724505227,25885.793599999997
55.78,399.0,261.68,247.64,0,2023,1,26,8,0.13979949874686717,0.9463466829715682,13813.359199999999
93.72,339.74,450.76,87.33,0,2023,1,26,9,0.27585800906575614,0.19373946224154762,8184.567599999999
390.68,273.14,125.3,89.8,0,2023,1,26,10,1.4303287691293842,0.7166799680766162,35083.064
135.89,163.78,368.2,246.42,0,2023,1,26,11,0.8297105873733056,0.6692558392178164,33486.01379999999
351.55,296.78,376.29,245.12,0,2023,1,26,12,1.18454747624503,0.651412474421324,86171.936
123.66,177.14,279.6,246.86,0,2023,1,26,13,0.6980919047081405,0.882904148783977,30526.7076
438.96,296.64,206.56,149.66,0,2023,1,26,14,1.4797734627831716,0.7245352439969016,65694.7536
476.09,76.79,333.65,116.13,0,2023,1,26,15,6.199895819768198,0.3480593436235576,55288.331699999995
64.13,127.27,135.84,216.97,0,2023,1,26,16,0.5038893690579084,1.5972467608951708,13914.2861
255.72,61.14,446.86,64.53,0,2023,1,26,17,4.182531894013739,0.1444076444524012,16501.6116
121.67,203.22,485.72,123.28,0,2023,1,26,18,0.5987107568152741,0.2538087787202503,14999.4776
205.0,207.62,150.07,103.43,0,2023,1,26,19,0.9873807918312301,0.6892117012061039,21203.15
200.7,232.42,356.65,150.61,0,2023,1,26,20,0.8635229326219774,0.4222907612505258,30227.427
372.84,81.05,366.4,260.03,0,2023,1,26,21,4.600123380629241,0.709688864628821,96949.58519999999
94.11,362.14,136.68,177.89,0,2023,1,26,22,0.25987187275639256,1.3015071700321919,16741.227899999998
351.76,158.12,331.06,124.83,0,2023,1,26,23,2.224639514292942,0.3770615598380958,43910.2008
87.95,177.12,310.73,208.91,0,2023,1,27,0,0.4965560072267389,0.6723200205966594,18373.6345
371.29,152.76,491.39,174.53,0,2023,1,27,1,2.4305446451950776,0.35517613301043977,64801.243700000006
201.61,303.37,134.8,133.87,0,2023,1,27,2,0.6645680192504203,0.9931008902077151,26989.530700000003
465.93,158.77,359.07,222.49,0,2023,1,27,3,2.9346224097751463,0.6196284846965773,103664.7657
382.92,383.28,148.54,52.28,0,2023,1,27,4,0.9990607388854102,0.35195906826444057,20019.0576
350.45,204.53,463.02,195.08,0,2023,1,27,5,1.7134405710653693,0.4213208932659497,68365.78600000001
195.38,83.51,177.9,71.85,0,2023,1,27,6,2.339600047898455,0.4038785834738617,14038.052999999998
149.24,94.57,338.4,253.37,0,2023,1,27,7,1.5780903034789047,0.7487293144208038,37812.9388
430.44,261.47,217.02,196.5,0,2023,1,27,8,1.646230925153937,0.905446502626486,84581.46
74.65,164.26,147.5,294.55,0,2023,1,27,9,0.45446243759892857,1.996949152542373,21988.1575
318.51,236.19,413.37,69.88,0,2023,1,27,10,1.348532960751937,0.16904951980066282,22257.478799999997
82.82,297.47,405.64,232.55,0,2023,1,27,11,0.27841463004672734,0.5732915886007297,19259.791
199.45,153.92,390.47,220.6,0,2023,1,27,12,1.2958030145530146,0.5649601761979153,43998.67
256.84,244.02,219.99,247.62,0,2023,1,27,13,1.0525366773215308,1.125596618028092,63598.720799999996
310.07,332.34,270.39,68.46,0,2023,1,27,14,0.932990311127159,0.2531898369022523,21227.3922
99.13,70.18,439.01,82.95,0,2023,1,27,15,1.4125106868053574,0.18894785995763194,8222.8335
218.89,394.06,291.56,249.15,0,2023,1,27,16,0.555473785717911,0.8545410893126629,54536.4435
293.47,375.88,297.23,90.11,0,2023,1,27,17,0.7807544961157817,0.3031658984624701,26444.581700000002
389.08,57.27,163.34,215.08,0,2023,1,27,18,6.793783830976078,1.3167625811191381,83683.3264
78.27,294.5,159.96,266.46,0,2023,1,27,19,0.2657724957555178,1.6657914478619653,20855.8242
269.45,233.74,475.27,107.63,0,2023,1,27,20,1.1527765893728072,0.22646074862709617,29000.903499999997
236.22,57.93,282.62,126.78,0,2023,1,27,21,4.077679958570688,0.44858821031774115,29947.9716
288.66,82.24,201.01,209.73,0,2023,1,27,22,3.509970817120623,1.0433809263220735,60540.6618
459.15,398.7,495.03,146.69,0,2023,1,27,23,1.151617757712566,0.2963254752237238,67352.7135
138.17,201.22,283.19,141.09,0,2023,1,28,0,0.6866613656694165,0.4982167449415587,19494.4053
214.52,344.55,100.67,274.62,0,2023,1,28,1,0.6226092004063271,2.72792291645972,58911.4824
408.55,331.32,472.47,290.34,0,2023,1,28,2,1.233097911384764,0.6145152073147501,118618.40699999999
497.69,311.02,401.92,107.66,0,2023,1,28,3,1.6001864831843613,0.26786425159235666,53581.3054
417.89,75.35,312.27,195.45,0,2023,1,28,4,5.545985401459855,0.6259006628878855,81676.60049999999
250.31,109.54,211.95,59.29,0,2023,1,28,5,2.2851013328464487,0.27973578674215616,14840.8799
228.23,272.74,482.81,243.24,0,2023,1,28,6,0.8368042824668182,0.5038006669290197,55514.6652
389.55,162.45,397.01,220.96,0,2023,1,28,7,2.397968605724839,0.5565602881539509,86074.96800000001
256.9,37.32,433.76,253.45,0,2023,1,28,8,6.883708467309753,0.5843092954629288,65111.30499999999
459.8,324.82,163.48,209.87,0,2023,1,28,9,1.4155532294809434,1.2837655982383167,96498.22600000001
114.68,355.67,414.36,136.51,0,2023,1,28,10,0.3224337166474541,0.32944782314895255,15654.9668
176.29,153.7,183.17,232.95,0,2023,1,28,11,1.1469746258945999,1.2717693945515096,41066.7555
469.36,171.49,421.82,208.81,0,2023,1,28,12,2.7369525919878708,0.4950215731828742,98007.0616
85.34,70.13,455.42,60.26,0,2023,1,28,13,1.2168829316982748,0.13231742128145446,5142.5884
292.35,278.53,177.9,209.57,0,2023,1,28,14,1.0496176354432198,1.1780213603147835,61267.789500000006
360.13,128.36,164.15,52.63,1,2023,1,28,15,2.8056248052352752,0.3206213828815108,18953.641900000002
156.25,356.27,273.83,178.26,0,2023,1,28,16,0.4385718696494232,0.6509878391702881,27853.125
217.74,222.39,120.4,94.53,0,2023,1,28,17,0.9790907864562256,0.7851328903654485,20582.9622
411.05,162.54,349.92,129.32,0,2023,1,28,18,2.5289159591485175,0.369570187471422,53156.986
329.81,95.89,170.17,213.5,0,2023,1,28,19,3.4394618834080717,1.2546277252159606,70414.435
355.88,210.01,200.43,191.99,0,2023,1,28,20,1.6945859720965668,0.9578905353489997,68325.40120000001
157.59,238.78,115.68,55.02,0,2023,1,28,21,0.6599798978138872,0.4756224066390041,8670.6018
265.69,146.91,110.74,224.05,0,2023,1,28,22,1.8085222244911852,2.0232075130937335,59527.8445
159.42,103.1,264.59,284.81,0,2023,1,28,23,1.5462657613967021,1.0764201216977212,45404.4102
426.96,200.49,165.86,247.21,0,2023,1,29,0,2.129582522819093,1.4904738936452429,105548.7816
340.64,58.69,459.05,156.03,0,2023,1,29,1,5.804055205316067,0.3398976146389282,53150.059199999996
487.42,160.65,212.82,267.39,0,2023,1,29,2,3.034049175225646,1.2564138708767973,130331.2338
229.83,324.93,499.08,53.44,0,2023,1,29,3,0.7073215769550365,0.10707702171996474,12282.1152
268.67,86.75,214.5,84.51,0,2023,1,29,4,3.097060518731989,0.393986013986014,22705.301700000004
317.94,118.56,313.14,60.69,0,2023,1,29,5,2.6816801619433197,0.19381107491856678,19295.778599999998
183.53,144.57,284.64,200.71,0,2023,1,29,6,1.2694888289409976,0.7051363125351322,36836.306300000004
207.68,210.02,445.16,260.65,0,2023,1,29,7,0.9888582039805732,0.5855198131009075,54131.791999999994
182.95,197.23,412.07,58.91,0,2023,1,29,8,0.9275972215180246,0.1429611473778727,10777.584499999999
169.62,194.47,361.93,145.24,0,2023,1,29,9,0.8722167943641693,0.4012930677202774,24635.6088
137.98,87.64,281.77,90.77,0,2023,1,29,10,1.574395253308991,0.3221421726940413,12524.444599999999
404.15,72.73,416.58,137.84,0,2023,1,29,11,5.556854117970575,0.330884824043401,55708.036
89.26,158.47,308.66,144.9,0,2023,1,29,12,0.56326118508235,0.46944858420268254,12933.774000000001
194.58,395.62,351.12,71.07,0,2023,1,29,13,0.49183559981800723,0.20240943267259054,13828.800599999999
376.61,357.04,215.43,163.97,0,2023,1,29,14,1.0548117857943087,0.7611289049807362,61752.7417
471.53,151.32,273.29,192.07,0,2023,1,29,15,3.116111551678562,0.7028065425006402,90566.7671
393.47,253.76,313.32,199.21,0,2023,1,29,16,1.5505595838587642,0.6358036512192009,78383.15870000001
151.63,200.27,148.33,184.52,0,2023,1,29,17,0.7571278773655564,1.2439830108541765,27978.7676
74.74,295.33,475.58,296.89,0,2023,1,29,18,0.2530728337791623,0.6242693132595988,22189.558599999997
485.05,333.17,293.02,118.68,0,2023,1,29,19,1.455863373052796,0.4050235478806908,57565.734000000004
321.5,175.01,280.22,183.45,0,2023,1,29,20,1.8370378835495116,0.6546641924202411,58979.174999999996
83.52,396.6,303.32,276.1,0,2023,1,29,21,0.21059001512859302,0.910259791639193,23059.872
53.01,221.47,266.36,119.39,0,2023,1,29,22,0.23935521741093602,0.4482279621564799,6328.863899999999
73.87,135.02,187.19,154.82,0,2023,1,29,23,0.5471041327210784,0.8270740958384529,11436.5534
392.88,42.75,234.69,265.76,0,2023,1,30,0,9.19017543859649,1.1323874046614684,104411.7888
103.34,160.59,377.74,260.07,0,2023,1,30,1,0.6435020860576623,0.688489437179012,26875.6338
71.45,102.48,441.41,221.31,0,2023,1,30,2,0.6972092115534738,0.5013706078249246,15812.5995
117.61,233.67,468.1,279.05,0,2023,1,30,3,0.5033166431291993,0.5961333048493912,32819.0705
311.13,258.13,487.93,155.46,0,2023,1,30,4,1.205322899314299,0.3186112762076527,48368.2698
130.28,345.8,483.97,204.86,0,2023,1,30,5,0.3767495662232504,0.42329069983676676,26689.1608
162.48,147.51,362.02,225.34,0,2023,1,30,6,1.1014846451088063,0.6224517982431911,36613.2432
398.32,147.72,387.99,204.31,0,2023,1,30,7,2.6964527484430003,0.5265857367457925,81380.7592
340.85,398.55,277.49,173.37,0,2023,1,30,8,0.8552251913185297,0.6247792713250928,59093.164500000006
115.54,337.83,480.67,237.55,0,2023,1,30,9,0.3420063345469615,0.4942060041192502,27446.527000000002
249.38,186.21,260.86,259.08,0,2023,1,30,10,1.3392406422855914,0.9931764164686038,64609.37039999999
185.4,198.58,394.58,258.52,0,2023,1,30,11,0.9336287642260046,0.6551776572558163,47929.608
275.99,361.74,251.66,99.17,0,2023,1,30,12,0.7629512909824736,0.3940634188985139,27369.9283
107.36,184.93,273.38,78.88,0,2023,1,30,13,0.5805439896176932,0.28853610359206966,8468.5568
150.0,50.62,265.53,205.61,0,2023,1,30,14,2.9632556301856976,0.7743381162203895,30841.500000000004
153.64,231.74,448.78,242.29,0,2023,1,30,15,0.6629843790454819,0.5398859129194706,37225.4356
94.94,276.14,333.18,174.79,0,2023,1,30,16,0.34381111030636635,0.5246113212077556,16594.562599999997
158.59,31.99,443.86,94.29,0,2023,1,30,17,4.957486714598312,0.21243184787996217,14953.451100000002
347.32,350.12,225.23,273.54,0,2023,1,30,18,0.992002741917057,1.2144918527727213,95005.9128
418.03,254.17,160.55,157.0,0,2023,1,30,19,1.6446866270606286,0.9778885082528807,65630.70999999999
403.69,392.16,436.17,204.37,0,2023,1,30,20,1.0294012647898816,0.46855583831992115,82502.1253
69.2,48.33,378.77,185.5,0,2023,1,30,21,1.431822884336851,0.4897431158750693,12836.6
447.21,320.4,141.82,116.29,1,2023,1,30,22,1.3957865168539325,0.8199830771400367,52006.0509
435.51,208.66,413.01,136.69,0,2023,1,30,23,2.0871753091153074,0.3309605094307644,59529.861899999996
451.14,317.25,385.86,255.62,0,2023,1,31,0,1.4220330969267139,0.6624682527341522,115320.4068
64.56,369.34,157.17,219.45,1,2023,1,31,1,0.17479828883955165,1.3962588280206147,14167.692
304.58,308.43,384.08,243.4,0,2023,1,31,2,0.9875174269688421,0.6337221412205791,74134.772
97.39,230.1,278.01,141.6,0,2023,1,31,3,0.42325076053889615,0.5093341966116327,13790.423999999999
167.35,209.91,119.04,265.16,0,2023,1,31,4,0.7972464389500262,2.227486559139785,44374.526000000005
83.92,207.48,284.66,96.58,0,2023,1,31,5,0.404472720262194,0.33928195039696474,8104.9936
95.08,180.8,374.76,224.08,0,2023,1,31,6,0.5258849557522124,0.5979293414451916,21305.526400000002
474.51,202.02,280.15,88.4,0,2023,1,31,7,2.3488268488268487,0.3155452436194896,41946.684
239.29,54.18,477.54,234.6,0,2023,1,31,8,4.416574381690661,0.4912677472044226,56137.433999999994
179.51,281.36,376.08,88.8,0,2023,1,31,9,0.638008245663918,0.23611997447351626,15940.488
138.02,172.38,377.28,203.56,0,2023,1,31,10,0.8006729318946514,0.5395462256149279,28095.3512
158.77,62.71,196.89,215.35,0,2023,1,31,11,2.5318131079572637,1.0937579359032963,34191.1195
127.35,256.92,348.26,276.95,0,2023,1,31,12,0.49567958897711345,0.7952391891115833,35269.5825
464.37,129.03,303.41,236.13,0,2023,1,31,13,3.5989304812834226,0.7782538479285455,109651.6881
387.05,98.44,245.29,195.16,0,2023,1,31,14,3.9318366517675742,0.7956296628480574,75536.678
209.55,268.81,118.87,145.1,0,2023,1,31,15,0.7795468918567018,1.2206612265500125,30405.705
190.1,399.16,201.63,164.36,0,2023,1,31,16,0.4762501252630524,0.8151564747309429,31244.836000000003
281.23,334.49,480.59,152.42,0,2023,1,31,17,0.8407725193578284,0.31715183420379117,42865.0766
289.21,101.81,158.74,88.77,0,2023,1,31,18,2.8406836263628326,0.5592163285876275,25673.171699999995
270.52,324.96,331.86,278.73,0,2023,1,31,19,0.8324716888232397,0.8399023684686314,75402.0396
298.19,180.19,264.38,151.51,0,2023,1,31,20,1.6548643098951108,0.5730766321204327,45178.766899999995
316.61,178.64,498.27,60.29,0,2023,1,31,21,1.7723354231974924,0.12099865534750236,19088.4169
66.31,198.31,437.78,121.3,1,2023,1,31,22,0.33437547274469265,0.2770798117776052,8043.403
55.95,333.36,376.86,190.6,0,2023,1,31,23,0.16783657307415406,0.5057581064586318,10664.07
120.71,88.96,381.98,99.78,0,2023,2,1,0,1.3569019784172662,0.2612178648096759,12044.4438
327.07,80.35,243.99,296.14,0,2023,2,1,1,4.070566272557561,1.2137382679618016,96858.5098
183.21,268.51,113.91,58.08,0,2023,2,1,2,0.6823209563889614,0.5098762180668949,10640.836800000001
445.56,320.89,212.28,100.52,0,2023,2,1,3,1.3885131976689833,0.4735255323158093,44787.6912
98.25,104.5,212.35,208.51,0,2023,2,1,4,0.9401913875598086,0.981916647044973,20486.1075
486.43,146.86,341.17,106.07,0,2023,2,1,5,3.312202097235462,0.31090072397924784,51595.630099999995
312.28,167.44,125.27,91.91,0,2023,2,1,6,1.8650262780697562,0.7336952183284107,28701.654799999997
136.66,273.0,257.21,255.68,0,2023,2,1,7,0.5005860805860806,0.9940515532055519,34941.2288
242.67,303.85,249.57,168.44,0,2023,2,1,8,0.7986506499917722,0.6749208638858837,40875.3348
315.21,239.43,498.93,55.6,0,2023,2,1,9,1.3165016915173535,0.11143847834365542,17525.676
138.39,116.08,115.4,238.26,0,2023,2,1,10,1.1921950379048931,2.064644714038128,32972.8014
442.91,388.91,416.23,212.01,0,2023,2,1,11,1.1388496053071404,0.5093578069817168,93901.3491
302.44,167.03,145.15,171.79,0,2023,2,1,12,1.8106926899359397,1.1835342748880469,51956.1676
134.6,357.08,321.05,216.54,0,2023,2,1,13,0.3769463425562899,0.6744743809375486,29146.283999999996
250.06,396.94,110.18,253.96,0,2023,2,1,14,0.6299692648763038,2.3049555273189326,63505.2376
482.74,207.36,224.57,65.64,0,2023,2,1,15,2.328028549382716,0.29229193569933654,31687.0536
74.77,46.69,106.99,151.9,0,2023,2,1,16,1.6014135789248234,1.4197588559678476,11357.563
98.79,48.16,260.83,265.51,0,2023,2,1,17,2.0512873754152827,1.0179427213127326,26229.7329
308.72,224.14,223.19,62.34,0,2023,2,1,18,1.3773534398144018,0.27931358931851785,19245.6048
243.97,95.26,166.11,155.01,0,2023,2,1,19,2.5610959479319755,0.9331768105472276,37817.7897
192.69,86.42,355.2,196.47,0,2023,2,1,20,2.229692200879426,0.553125,37857.804299999996
263.1,131.95,307.46,219.57,0,2023,2,1,21,1.9939370973853736,0.7141416769661094,57768.867000000006
468.62,97.01,393.63,79.79,0,2023,2,1,22,4.830636016905474,0.2027030460076722,37391.1898
314.79,48.92,321.83,205.22,0,2023,2,1,23,6.434791496320524,0.637665848429295,64601.2038
448.09,180.05,173.66,287.38,0,2023,2,2,0,2.4886975840044427,1.6548427962685708,128772.10419999999
325.08,313.34,267.27,73.14,0,2023,2,2,1,1.0374672879300442,0.2736558536311595,23776.351199999997
104.14,351.71,186.88,54.85,0,2023,2,2,2,0.296096215632197,0.29350385273972607,5712.079000000001
151.71,386.65,416.86,58.97,0,2023,2,2,3,0.39237036079141346,0.14146236146428057,8946.3387
367.02,147.93,481.43,75.28,0,2023,2,2,4,2.481038328939363,0.1563674885237729,27629.2656
157.39,85.47,201.64,272.53,0,2023,2,2,5,1.8414648414648414,1.351567149375124,42893.49669999999
465.39,112.49,105.59,117.98,0,2023,2,2,6,4.137167748244289,1.1173406572592102,54906.7122
361.89,101.38,342.6,181.67,0,2023,2,2,7,3.569638982047741,0.5302685347343841,65744.5563
75.9,282.98,275.61,282.89,0,2023,2,2,8,0.26821683511202205,1.0264141359166938,21471.351000000002
192.24,88.33,482.89,168.51,0,2023,2,2,9,2.176384014491113,0.3489614612023442,32394.362399999998
417.8,244.89,281.94,246.08,0,2023,2,2,10,1.706072114010372,0.8728098176917075,102812.224
345.54,37.35,457.62,63.74,0,2023,2,2,11,9.25140562248996,0.13928587037279838,22024.7196
435.2,112.82,312.9,133.74,0,2023,2,2,12,3.857472079418543,0.42742090124640464,58203.648
150.32,292.06,365.45,164.65,0,2023,2,2,13,0.5146887625830309,0.4505404296073335,24750.188
235.14,179.34,456.26,145.4,0,2023,2,2,14,1.3111408497825359,0.31867794678472805,34189.356
384.85,165.32,273.66,61.3,0,2023,2,2,15,2.3279095088313575,0.22400058466710512,23591.305
98.28,157.74,187.98,154.66,0,2023,2,2,16,0.6230505895777863,0.8227471007553996,15199.9848
444.0,48.21,257.86,57.14,0,2023,2,2,17,9.209707529558182,0.22159311254168929,25370.16
158.98,303.82,243.64,171.71,0,2023,2,2,18,0.5232703574484893,0.704769331801018,27298.4558
180.69,44.95,345.05,192.48,0,2023,2,2,19,4.019799777530589,0.5578321982321403,34779.2112
92.57,293.18,450.53,226.88,0,2023,2,2,20,0.31574459376492253,0.503584666947817,21002.2816
266.88,39.45,486.72,111.81,0,2023,2,2,21,6.765019011406843,0.2297214003944773,29839.8528
337.77,236.53,169.09,150.06,0,2023,2,2,22,1.428021815414535,0.8874563841741084,50685.7662
237.75,74.37,320.58,186.83,0,2023,2,2,23,3.196853569987898,0.5827874477509515,44418.832500000004
59.46,121.09,468.43,260.22,0,2023,2,3,0,0.4910397225204393,0.5555152317315287,15472.681200000003
274.87,334.19,493.28,53.53,0,2023,2,3,1,0.822496184805051,0.10851848848524166,14713.7911
128.93,375.84,387.57,50.02,0,2023,2,3,2,0.3430449127288208,0.1290605568026421,6449.078600000001
193.42,97.38,352.77,124.1,0,2023,2,3,3,1.9862394742246867,0.35178728349916377,24003.422
189.48,368.36,410.97,123.37,0,2023,2,3,4,0.5143880985991964,0.3001922281431735,23376.1476
146.07,151.19,249.55,84.63,0,2023,2,3,5,0.9661353264104768,0.3391304347826087,12361.904099999998
154.04,62.31,407.58,177.42,0,2023,2,3,6,2.4721553522709034,0.4353010451935816,27329.776799999996
336.04,339.95,280.21,81.75,0,2023,2,3,7,0.9884983085747905,0.2917454766068306,27471.27
363.03,275.34,278.8,123.88,0,2023,2,3,8,1.3184789714534757,0.44433285509325676,44972.15639999999
261.08,206.83,221.83,179.74,0,2023,2,3,9,1.262292704153169,0.8102601090925483,46926.5192
70.86,352.68,460.57,160.03,0,2023,2,3,10,0.20091867982306907,0.34746075515122565,11339.7258
139.88,137.5,114.46,289.22,0,2023,2,3,11,1.017309090909091,2.526821597064477,40456.0936
247.23,154.48,389.9,256.23,0,2023,2,3,12,1.6004013464526152,0.6571685047448065,63347.742900000005
300.86,333.26,177.77,137.91,0,2023,2,3,13,0.9027786112944849,0.7757776902739494,41491.6026
183.64,117.65,336.03,289.66,0,2023,2,3,14,1.560900977475563,0.862006368479005,53193.1624
474.13,328.69,477.19,177.76,0,2023,2,3,15,1.4424837993245916,0.3725140929189631,84281.34879999999
128.27,373.59,305.71,201.16,0,2023,2,3,16,0.3433443079311545,0.6580092244283798,25802.7932
421.02,283.07,174.34,241.33,0,2023,2,3,17,1.487335288091285,1.3842491682918436,101604.75660000001
218.48,239.3,399.78,255.81,1,2023,2,3,18,0.9129962390305055,0.6398769323127721,55889.3688
119.17,174.14,162.47,123.4,0,2023,2,3,19,0.6843344435511658,0.7595248353542193,14705.578000000001
399.89,243.36,482.21,174.5,0,2023,2,3,20,1.6432034845496382,0.3618755314074781,69780.805
223.45,304.31,186.42,65.1,0,2023,2,3,21,0.7342841181689724,0.34921145799806885,14546.594999999998
487.28,223.17,109.64,256.08,0,2023,2,3,22,2.183447596003047,2.3356439255746078,124782.66239999999
201.17,219.39,400.86,54.84,0,2023,2,3,23,0.9169515474725375,0.136805867385122,11032.1628
493.98,260.01,334.09,158.39,0,2023,2,4,0,1.899850005769009,0.4740938070579784,78241.4922
444.89,117.17,238.25,260.78,0,2023,2,4,1,3.796961679610822,1.0945645330535152,116018.41419999998
326.23,114.13,411.81,203.15,0,2023,2,4,2,2.858407079646018,0.4933100216119084,66273.6245
460.6,370.14,276.32,79.77,0,2023,2,4,3,1.2443940130761335,0.2886870295309786,36742.062
234.71,355.24,470.05,76.34,0,2023,2,4,4,0.6607082535750478,0.16240825444101692,17917.761400000003
445.42,393.34,312.06,127.57,0,2023,2,4,5,1.1324045355163472,0.40879958982247,56822.2294
52.32,46.44,383.65,110.75,0,2023,2,4,6,1.1266149870801034,0.2886745731786785,5794.44
335.46,340.53,244.72,268.43,0,2023,2,4,7,0.9851114439256453,1.0968862373324617,90047.5278
251.8,33.26,479.57,70.7,0,2023,2,4,8,7.57065544197234,0.14742373376149467,17802.260000000002
431.28,40.28,413.18,130.62,0,2023,2,4,9,10.707050645481628,0.31613340432741177,56333.7936
166.45,176.71,389.2,134.14,1,2023,2,4,10,0.9419387697357251,0.344655704008222,22327.602999999996
425.87,114.77,476.32,59.41,0,2023,2,4,11,3.7106386686416313,0.12472707423580785,25300.9367
59.98,49.67,207.67,101.58,0,2023,2,4,12,1.2075699617475337,0.4891414263013435,6092.7684
171.04,289.67,169.07,260.6,0,2023,2,4,13,0.5904650119101046,1.5413733956349442,44573.024000000005
428.23,317.35,180.95,234.74,0,2023,2,4,14,1.3493934142114383,1.2972644376899698,100522.7102
147.9,239.61,438.09,218.28,0,2023,2,4,15,0.6172530361837987,0.4982537834691502,32283.612
348.09,121.52,434.43,57.93,0,2023,2,4,16,2.864466754443713,0.13334714453421725,20164.8537
169.27,360.15,299.03,143.24,0,2023,2,4,17,0.46999861168957385,0.47901548339631483,24246.234800000002
76.79,328.24,447.01,156.7,0,2023,2,4,18,0.23394467462832075,0.35055144180219683,12032.993
205.04,190.43,478.57,263.11,0,2023,2,4,19,1.0767211048679304,0.5497837306977036,53948.0744
176.78,227.3,187.26,150.12,0,2023,2,4,20,0.7777386713594369,0.8016661326497918,26538.213600000003
131.93,247.13,239.59,60.83,0,2023,2,4,21,0.5338485817181241,0.2538920656120873,8025.3019
254.43,145.5,247.05,142.98,0,2023,2,4,22,1.748659793814433,0.5787492410443229,36378.401399999995
256.28,256.41,166.05,289.85,0,2023,2,4,23,0.9994929994929993,1.7455585666967781,74282.758
116.78,383.49,236.84,58.88,0,2023,2,5,0,0.30451902266030406,0.2486066542813714,6876.0064
203.37,332.25,494.06,244.52,0,2023,2,5,1,0.6120993227990971,0.49491964538719996,49728.032400000004
488.95,58.58,101.93,147.34,0,2023,2,5,2,8.346705360191192,1.4455018149710586,72041.893
340.62,215.79,157.59,240.3,0,2023,2,5,3,1.5784790768803003,1.524842946887493,81850.986
124.71,111.94,389.24,85.55,1,2023,2,5,4,1.1140789708772556,0.21978727777206863,10668.940499999999
329.82,357.96,308.79,281.61,0,2023,2,5,5,0.9213878645658733,0.911979014864471,92880.6102
173.35,114.21,429.43,263.5,0,2023,2,5,6,1.5178180544610804,0.613604079826747,45677.725
449.1,48.53,379.48,158.69,0,2023,2,5,7,9.254069647640636,0.41817750606092546,71267.679
352.58,387.75,324.38,274.6,0,2023,2,5,8,0.9092972275950999,0.8465380109747828,96818.46800000001
114.53,61.19,465.31,179.64,0,2023,2,5,9,1.87171106389933,0.3860652038425995,20574.1692
347.98,37.26,454.9,174.67,0,2023,2,5,10,9.339237788513152,0.38397449989008575,60781.6666
61.69,116.41,179.33,260.7,0,2023,2,5,11,0.5299372906107722,1.4537444933920702,16082.582999999999
392.91,387.62,117.89,168.76,0,2023,2,5,12,1.0136473866157578,1.4315039443549071,66307.4916
201.92,302.66,357.29,52.59,0,2023,2,5,13,0.6671512588383003,0.14719135716084972,10618.9728
143.24,100.72,417.78,282.08,0,2023,2,5,14,1.4221604447974585,0.6751878979367131,40405.1392
286.57,366.16,334.52,63.38,0,2023,2,5,15,0.7826360061175441,0.18946550280999644,18162.8066
475.19,308.46,237.14,132.78,1,2023,2,5,16,1.5405238928872464,0.5599224087037193,63095.7282
420.83,399.78,194.24,225.91,1,2023,2,5,17,1.0526539596778228,1.1630457166392092,95069.7053
50.66,228.91,300.57,52.47,0,2023,2,5,18,0.2213096850290507,0.1745683201916359,2658.1301999999996
232.03,118.65,436.21,145.13,0,2023,2,5,19,1.9555836493889591,0.3327067238256803,33674.5139
373.81,384.08,125.02,87.38,0,2023,2,5,20,0.9732607790043741,0.6989281714925611,32663.517799999998
264.95,226.45,403.92,227.59,0,2023,2,5,21,1.170015455950541,0.5634531590413944,60299.970499999996
117.36,67.42,181.35,282.56,0,2023,2,5,22,1.7407297537822604,1.5580920871243453,33161.2416
386.1,296.37,464.24,161.94,0,2023,2,5,23,1.3027634375948984,0.34882819231432016,62525.034
455.72,382.11,288.04,112.52,0,2023,2,6,0,1.1926408625788385,0.39064018886265794,51277.6144
204.37,36.54,248.19,81.24,0,2023,2,6,1,5.593048713738369,0.3273298682461018,16603.018799999998
498.93,207.83,265.26,91.15,0,2023,2,6,2,2.4006640042342298,0.3436251225212999,45477.46950000001
289.81,159.82,350.03,118.11,0,2023,2,6,3,1.8133525215867852,0.33742822043824816,34229.4591
203.76,196.53,356.22,204.98,0,2023,2,6,4,1.0367882765989924,0.5754309134804334,41766.724799999996
160.89,173.13,305.14,252.39,0,2023,2,6,5,0.9293016808178824,0.8271285311660221,40607.02709999999
149.86,109.12,333.85,148.73,0,2023,2,6,6,1.3733504398826981,0.44549947581249055,22288.6778
383.7,383.66,447.4,123.87,0,2023,2,6,7,1.0001042589793046,0.27686633884666967,47528.919
282.99,264.59,131.58,230.7,0,2023,2,6,8,1.0695415548584604,1.7533059735522114,65285.793
288.58,386.22,412.78,210.63,0,2023,2,6,9,0.7471907203148463,0.5102718154949368,60783.60539999999
363.53,109.64,424.01,151.45,0,2023,2,6,10,3.3156694636993795,0.3571849720525459,55056.61849999999
109.62,347.94,378.19,215.12,0,2023,2,6,11,0.3150543197102949,0.5688146169914593,23581.454400000002
360.75,52.63,235.93,251.44,0,2023,2,6,12,6.8544556336690095,1.0657398380875682,90706.98
438.82,187.96,307.84,286.49,0,2023,2,6,13,2.3346456692913384,0.9306457900207902,125717.5418
145.12,392.83,451.98,111.93,0,2023,2,6,14,0.3694218873303974,0.24764370104871897,16243.281600000002
162.26,117.96,280.82,113.24,0,2023,2,6,15,1.375551034248898,0.40324763193504737,18374.322399999997
417.55,354.74,188.1,151.02,0,2023,2,6,16,1.1770592546653886,0.8028708133971293,63058.401000000005
412.91,268.03,417.84,85.54,0,2023,2,6,17,1.5405365071074135,0.2047195098602336,35320.32140000001
492.46,140.25,146.1,116.67,0,2023,2,6,18,3.511301247771836,0.7985626283367557,57455.3082
473.66,357.13,346.47,255.13,0,2023,2,6,19,1.3262957466468794,0.7363696712558085,120844.87580000001
217.33,79.2,169.54,75.78,0,2023,2,6,20,2.7440656565656565,0.4469741653886989,16469.2674
432.64,359.42,363.46,86.86,0,2023,2,6,21,1.2037170997718545,0.23898090573928357,37579.1104
451.4,378.1,224.59,62.99,0,2023,2,6,22,1.193864057127744,0.28046662807783074,28433.685999999998
331.93,114.16,204.1,217.99,0,2023,2,6,23,2.907585844428872,1.0680548750612446,72357.4207
198.74,270.56,141.94,167.76,0,2023,2,7,0,0.7345505617977528,1.181907848386642,33340.6224
306.71,108.24,376.1,229.43,0,2023,2,7,1,2.833610495195861,0.6100239298059027,70368.47529999999
127.33,147.84,145.41,72.56,0,2023,2,7,2,0.8612689393939393,0.4990028196135067,9239.0648
462.6,252.45,192.33,73.62,0,2023,2,7,3,1.8324420677361855,0.3827795975666823,34056.612
263.53,396.87,162.97,281.73,0,2023,2,7,4,0.6640209640436414,1.7287230778670921,74244.3069
54.27,223.24,465.14,284.01,0,2023,2,7,5,0.243101594696291,0.6105903598916456,15413.2227
318.47,277.1,471.6,188.45,0,2023,2,7,6,1.1492962829303501,0.3995971162001696,60015.671500000004
429.61,120.65,357.46,228.43,0,2023,2,7,7,3.5607956900124327,0.6390365355564259,98135.8123
273.49,285.38,116.3,262.84,0,2023,2,7,8,0.9583362534164973,2.260017196904557,71884.11159999999
94.48,348.51,494.8,207.55,0,2023,2,7,9,0.2710969556110298,0.4194624090541633,19609.324
157.78,148.61,202.88,58.52,0,2023,2,7,10,1.0617051342439943,0.2884463722397477,9233.285600000001
405.86,216.43,199.89,94.44,0,2023,2,7,11,1.8752483481957214,0.4724598529191055,38329.4184
159.92,384.45,207.62,251.86,0,2023,2,7,12,0.4159708674730134,1.213081591368847,40277.451199999996
395.57,301.0,175.31,258.43,0,2023,2,7,13,1.314186046511628,1.47413153841766,102227.1551
469.91,264.03,275.98,188.0,0,2023,2,7,14,1.7797598757716928,0.6812087832451627,88343.08
219.57,269.87,442.71,239.15,0,2023,2,7,15,0.8136139622781339,0.5401956133812202,52510.1655
145.91,55.28,243.02,182.49,0,2023,2,7,16,2.6394717800289436,0.7509258497243025,26627.1159
346.19,338.53,125.24,148.66,0,2023,2,7,17,1.0226272413080082,1.1870009581603322,51464.6054
162.88,360.46,487.11,85.37,0,2023,2,7,18,0.45186705875825334,0.17525815524214244,13905.0656
220.8,84.57,327.25,181.4,0,2023,2,7,19,2.6108549130897485,0.5543162719633308,40053.12
443.79,76.09,108.48,296.02,0,2023,2,7,20,5.832435274017611,2.7287979351032448,131370.7158
205.29,367.73,426.18,155.9,0,2023,2,7,21,0.558262855899709,0.36580787460697356,32004.711
98.64,31.16,127.07,171.15,0,2023,2,7,22,3.165596919127086,1.3468954119776502,16882.236
339.38,185.51,191.3,179.71,0,2023,2,7,23,1.8294431567031428,0.9394145321484579,60989.9798
337.53,371.59,147.98,255.93,0,2023,2,8,0,0.9083398369170322,1.729490471685363,86384.0529
353.8,274.49,294.04,111.74,0,2023,2,8,1,1.2889358446573647,0.3800163243096177,39533.612
115.65,170.96,350.31,76.28,1,2023,2,8,2,0.6764740290126345,0.2177499928634638,8821.782000000001
186.94,143.81,126.31,208.21,0,2023,2,8,3,1.2999096029483346,1.6484047185496002,38922.7774
303.69,359.8,469.79,262.94,0,2023,2,8,4,0.8440522512506948,0.5596968858426105,79852.24859999999
328.12,42.78,212.92,210.73,0,2023,2,8,5,7.669939223936419,0.9897144467405599,69144.7276
394.36,50.57,198.87,283.35,0,2023,2,8,6,7.798299386988333,1.4248001206818526,111741.90600000002
266.79,86.42,434.56,57.29,0,2023,2,8,7,3.0871326081925483,0.13183449926362298,15284.3991
360.0,361.37,278.76,238.13,0,2023,2,8,8,0.9962088717934526,0.8542473812598651,85726.8
347.26,343.32,165.98,264.44,0,2023,2,8,9,1.0114761738319935,1.5932040004819858,91829.4344
240.37,272.61,239.41,201.45,0,2023,2,8,10,0.8817358130662851,0.8414435487239463,48422.536499999995
134.91,67.57,190.82,179.28,0,2023,2,8,11,1.9965961225395887,0.9395241588931978,24186.6648
291.89,369.7,253.76,148.12,0,2023,2,8,12,0.7895320530159589,0.5837011349306431,43234.7468
73.84,194.0,441.42,276.33,0,2023,2,8,13,0.38061855670103095,0.6260024466494495,20404.2072
181.44,46.38,352.08,192.78,0,2023,2,8,14,3.912031047865459,0.5475460122699387,34978.0032
405.54,315.21,433.6,142.52,0,2023,2,8,15,1.286570857523556,0.328690036900369,57797.56080000001
240.03,380.56,134.37,197.59,0,2023,2,8,16,0.6307284002522598,1.4704919252809407,47427.5277
61.76,337.28,473.49,126.02,0,2023,2,8,17,0.18311195445920306,0.2661513442733743,7782.995199999999
115.72,379.18,492.11,224.81,0,2023,2,8,18,0.30518487261986393,0.45682875779805326,26015.0132
227.96,161.67,394.35,220.72,0,2023,2,8,19,1.41003278282922,0.5597058450614936,50315.3312
135.52,250.74,335.07,134.9,0,2023,2,8,20,0.5404801786711335,0.4026024412809264,18281.648
286.32,310.45,200.72,124.76,0,2023,2,8,21,0.9222741182154937,0.6215623754483859,35721.2832
227.72,116.28,309.12,257.69,0,2023,2,8,22,1.958376332989336,0.8336244824016563,58681.1668
389.79,132.47,243.85,63.12,0,2023,2,8,23,2.9424775420850007,0.2588476522452327,24603.5448
230.65,340.89,348.94,62.24,1,2023,2,9,0,0.6766112235618529,0.17836877400126097,14355.656
244.22,248.79,346.64,242.73,0,2023,2,9,1,0.9816310944973673,0.7002365566582045,59279.520599999996
333.01,174.06,120.58,235.74,0,2023,2,9,2,1.9131908537285993,1.9550505888207002,78503.7774
116.64,120.32,111.83,181.63,0,2023,2,9,3,0.9694148936170214,1.6241616739694178,21185.3232
62.28,147.38,359.8,285.78,0,2023,2,9,4,0.42258108291491386,0.7942745969983324,17798.378399999998
423.92,337.57,334.86,289.67,0,2023,2,9,5,1.2557987972864888,0.865048079794541,122796.9064
152.3,145.89,163.63,163.75,0,2023,2,9,6,1.0439372129686753,1.000733361852961,24939.125000000004
315.15,346.77,193.74,161.6,0,2023,2,9,7,0.9088156414914785,0.8341075668421595,50928.24
187.15,333.51,488.82,145.61,0,2023,2,9,8,0.5611525891277623,0.2978806104496543,27250.911500000002
355.32,310.57,183.34,225.93,0,2023,2,9,9,1.1440898992175677,1.2323006436129595,80277.4476
413.76,50.74,365.85,93.24,0,2023,2,9,10,8.154513204572329,0.25485854858548584,38578.98239999999
326.22,203.79,407.02,162.4,0,2023,2,9,11,1.60076549389077,0.3989975922559088,52978.128000000004
478.94,311.52,332.32,98.37,0,2023,2,9,12,1.5374293785310735,0.29600987000481466,47113.3278
116.69,195.44,134.6,124.6,0,2023,2,9,13,0.5970630372492837,0.9257057949479941,14539.573999999999
202.29,117.83,487.95,285.31,0,2023,2,9,14,1.7167953831791565,0.5847115483143764,57715.359899999996
361.68,50.65,413.25,79.99,0,2023,2,9,15,7.140769990128332,0.1935632183908046,28930.783199999998
380.65,357.71,205.45,253.76,0,2023,2,9,16,1.0641301613038494,1.235142370406425,96593.74399999999
241.96,289.23,128.36,269.93,0,2023,2,9,17,0.836566054696954,2.1029136802742285,65312.262800000004
436.01,87.91,238.53,283.21,0,2023,2,9,18,4.959731543624161,1.187313964700457,123482.39209999998
292.62,396.47,146.57,120.59,0,2023,2,9,19,0.7380634095896285,0.8227468103977622,35287.0458
302.3,130.35,186.38,160.1,0,2023,2,9,20,2.3191407748369777,0.8589977465393283,48398.23
159.72,250.84,322.27,101.93,0,2023,2,9,21,0.636740551746133,0.3162875849443014,16280.259600000001
215.25,310.54,480.19,112.58,0,2023,2,9,22,0.6931474206221421,0.23444886399133677,24232.845
77.17,228.37,203.8,254.64,0,2023,2,9,23,0.33791653894994966,1.2494602551521097,19650.5688
461.93,155.02,123.39,295.91,0,2023,2,10,0,2.9798090568958844,2.3981684091093283,136689.70630000002
345.63,172.45,408.48,299.53,0,2023,2,10,1,2.0042331110466804,0.7332794751273011,103526.55389999998
282.41,285.22,115.26,258.71,0,2023,2,10,2,0.9901479559638174,2.244577477008502,73062.2911
416.42,353.43,106.81,218.97,0,2023,2,10,3,1.178224825283649,2.0500889429828666,91183.4874
170.11,138.31,286.67,116.14,0,2023,2,10,4,1.2299182994722002,0.40513482401367423,19756.5754
264.02,67.25,470.82,164.07,0,2023,2,10,5,3.9259479553903343,0.34847712501592965,43317.761399999996
146.22,250.28,315.46,64.96,0,2023,2,10,6,0.584225667252677,0.20592151144360615,9498.4512
393.94,178.57,375.75,149.52,0,2023,2,10,7,2.206081648653189,0.39792415169660683,58901.908800000005
441.88,46.25,199.93,269.33,0,2023,2,10,8,9.554162162162163,1.3471214925223827,119011.5404
154.66,333.33,297.11,117.23,0,2023,2,10,9,0.4639846398463985,0.39456766854027125,18130.7918
492.37,388.39,246.99,77.64,0,2023,2,10,10,1.2677205901284792,0.3143447103121584,38227.6068
406.99,148.42,165.14,148.83,0,2023,2,10,11,2.7421506535507345,0.9012353154898876,60572.32170000001
124.63,238.33,306.07,69.94,0,2023,2,10,12,0.522930390634834,0.22850981801548664,8716.6222
226.25,313.29,180.32,51.28,0,2023,2,10,13,0.7221743432602381,0.28438331854480925,11602.1
279.36,301.65,486.18,211.27,0,2023,2,10,14,0.9261064147190453,0.4345509893455099,59020.387200000005
225.49,91.7,286.58,273.73,0,2023,2,10,15,2.4589967284623775,0.9551608625863635,61723.377700000005
200.27,127.83,388.93,182.13,0,2023,2,10,16,1.5666901353359932,0.46828478132311724,36475.1751
243.26,145.97,188.37,289.3,0,2023,2,10,17,1.6665068164691375,1.535807187981101,70375.118
250.64,127.91,472.43,191.1,0,2023,2,10,18,1.9595027753889454,0.4045043710179286,47897.304
375.64,138.89,475.15,206.77,0,2023,2,10,19,2.704586363309094,0.43516784173418926,77671.0828
413.41,92.88,244.63,99.89,0,2023,2,10,20,4.451012058570199,0.40833094877978987,41295.524900000004
80.93,197.93,478.22,66.57,0,2023,2,10,21,0.4088819279543273,0.13920371377190413,5387.5100999999995
487.85,64.72,207.22,187.17,0,2023,2,10,22,7.537855377008653,0.9032429302190907,91310.8845
264.68,394.7,341.67,235.48,0,2023,2,10,23,0.670585254623765,0.6892030321655398,62326.8464
437.58,216.92,497.53,275.67,0,2023,2,11,0,2.0172413793103448,0.5540771410769201,120627.6786
482.06,376.0,365.06,290.36,0,2023,2,11,1,1.2820744680851064,0.7953761025584836,139970.94160000002
439.44,156.75,109.53,77.35,1,2023,2,11,2,2.803444976076555,0.706199214826988,33990.683999999994
129.56,232.97,135.87,121.82,0,2023,2,11,3,0.5561231059793107,0.896592330904541,15782.9992
422.31,172.65,430.22,152.14,0,2023,2,11,4,2.446046915725456,0.35363302496397186,64250.24339999999
247.02,146.74,494.61,177.14,0,2023,2,11,5,1.683385579937304,0.35814075736438805,43757.1228
61.09,163.63,318.84,216.65,0,2023,2,11,6,0.37334229664486956,0.6794944172625769,13235.148500000001
279.83,76.52,195.19,124.16,0,2023,2,11,7,3.656952430737062,0.6360981607664327,34743.6928
166.48,318.65,207.07,71.16,0,2023,2,11,8,0.5224541032480778,0.3436519051528469,11846.716799999998
171.95,180.59,254.53,291.69,0,2023,2,11,9,0.9521568193144692,1.1459945782422505,50156.095499999996
203.45,274.6,499.62,229.23,0,2023,2,11,10,0.740895848506919,0.45880869460790197,46636.843499999995
305.53,392.51,135.89,248.8,0,2023,2,11,11,0.7784005503044508,1.8308926337478846,76015.864
90.62,98.48,108.86,270.8,1,2023,2,11,12,0.920186839967506,2.4875987506889583,24539.896
167.35,206.31,443.84,182.07,1,2023,2,11,13,0.811157966167418,0.4102153929343908,30469.4145
268.13,257.19,350.01,138.08,0,2023,2,11,14,1.0425366460593335,0.3945030141995943,37023.390400000004
469.08,147.87,418.58,113.09,0,2023,2,11,15,3.1722458916615945,0.2701753547708921,53048.2572
